name,date,date (utc),lat,lon,ts,fc,lai,ln,local_time,blue,green,red,nir,swir,vari_green,gli,ndvi,gndvi,msavi,emis,nir/swir,ts-ta,ta,td,rh,rn,srn,ec_le,ec_le_closed,ec_h,ec_g,ec_rn-g
US-Bi1,2016-03-23 10:39:00.168000001,2016-03-23 18:45:00+00:00,38.0991999999972,-121.499299999995,18.593350000000044,0.6099321,1.7452345,-116.31974953577594,38340.1680000012,0.03727,0.0662825,0.04486,0.330695,0.194515,0.289992893160513,0.0016434008953701087,0.5541821856164303,0.4796941680509646,0.03918585819107134,0.9745,0.254442181573588,6.772350000000017,,,,,,,,,,
US-Bi1,2016-05-10 10:39:00.168000001,2016-05-10 18:45:00+00:00,38.0991999999972,-121.499299999995,28.3313,0.2323357,0.43700323,-145.90706519304825,38340.1680000012,0.0281675,0.05069,0.0317425,0.449825,0.178015,0.3491661291808717,-0.0403710540016092,0.6924473373560273,0.6341970700162575,0.03555460410878386,0.9745,0.42614135206321335,12.034799999999962,,,,,,,,,,
US-Bi1,2016-05-26 10:39:00.168000001,2016-05-26 18:45:00+00:00,38.0991999999972,-121.499299999995,32.04327000000001,0.2323357,0.43700323,-168.6887759223531,38340.1680000012,0.0396075,0.07104,0.05322,0.3751075,0.226965,0.2105076636838841,-0.002623658555847018,0.5684128552090356,0.5120805808756469,0.032108945411381984,0.9745,0.2420342361403265,14.676789999999983,,,,,,,,,49.95,
US-Bi1,2016-06-27 10:39:00.168000001,2016-06-27 18:45:00+00:00,38.0991999999972,-121.499299999995,48.60357000000005,0.27018505,0.5903571,-244.14869643370696,38340.1680000012,0.04805,0.0810225,0.08633,0.293515,0.27421,-0.04448775172355991,-0.06447282961680016,0.3656783259081762,0.38275181815505116,-0.00906405763900442,0.9745,0.03341555238218878,23.49219000000005,,,,,,,,,,
US-Bi1,2016-07-13 10:39:00.168000001,2016-07-13 18:45:00+00:00,38.0991999999972,-121.499299999995,31.742500000000007,0.8693769,3.599158,-137.20338760272614,38340.1680000012,0.0286625,0.0606725,0.044695,0.4852175,0.2081275,0.20829802490059318,-0.008224272330687265,0.6734162481408833,0.6285472150900334,0.029260557853184932,0.9745,0.39396028975822683,8.408739999999966,,,,,,,,,,
US-Bi1,2016-07-29 10:39:00.168000001,2016-07-29 18:45:00+00:00,38.0991999999972,-121.499299999995,43.62692000000004,0.5401686,1.4829603,-223.399122772476,38340.1680000012,0.0492325,0.08391,0.0949375,0.307485,0.270635,-0.08507888747444352,-0.07279206607917349,0.3592825290519371,0.3932418808550165,-0.018589699667974968,0.9745,0.0626572808270421,21.98487,27.714,,,,,338.204,503.009,25.423,59.373,
US-Bi1,2016-08-14 10:39:00.168000001,2016-08-14 18:45:00+00:00,38.0991999999972,-121.499299999995,32.45684,0.40157887,1.0034119,-151.87827909763644,38340.1680000012,0.03463,0.0607275,0.0466475,0.4364875,0.1977325,0.19355282149975936,-0.03886520332762901,0.6374370469018166,0.5953053187503996,0.025699155651544014,0.9745,0.37061097140728316,11.607739999999978,26.57,14.261187759586988,46.77,616.460296,728.4821450000001,325.139,476.471,33.318,56.8481,559.6121959999999
US-Bi1,2016-08-30 10:39:00.168000001,2016-08-30 18:45:00+00:00,38.0991999999972,-121.499299999995,36.80114000000003,0.40157887,1.0034119,-180.1777359528815,38340.1680000012,0.0368575,0.0694175,0.066145,0.34989,0.24528,0.033154348817182495,-0.048545851715423825,0.5015610415526731,0.491090596250859,0.005776400268752591,0.9745,0.17286051853198273,16.037739999999985,24.53,12.321612056923119,46.51,586.494738,705.3343869999999,266.352,376.28,134.452,36.4305,550.0642379999999
US-Bi1,2016-09-15 10:39:00.168000001,2016-09-15 18:45:00+00:00,38.0991999999972,-121.499299999995,32.607230000000015,0.7061127,2.2065802,-167.98348380025806,38340.1680000012,0.0334475,0.0580875,0.04508,0.4046975,0.2042775,0.18656769936890416,-0.05047966408189543,0.6195106822536028,0.5784295562467701,0.023815417951676965,0.9745,0.32379336806817716,14.452729999999974,23.6,12.92061885210165,51.15,525.886334,627.5990810000001,319.033,421.987,84.2762,28.9928,496.89353400000005
US-Bi1,2016-10-01 10:39:00.168000001,2016-10-01 18:45:00+00:00,38.0991999999972,-121.499299999995,34.19320000000005,0.7061127,2.2065802,-193.88750962352628,38340.1680000012,0.0458775,0.0760725,0.0861375,0.284605,0.2778125,-0.08651924440719491,-0.08938831697390465,0.3528702234739775,0.3860267484826902,-0.01721455131348526,0.9745,0.011866338817384128,18.673550000000034,19.46,4.776969947938891,37.98,442.849824,598.401645,170.725,225.193,184.084,58.0667,384.78312400000004
US-Bi1,2017-04-27 10:39:00.168000001,2017-04-27 18:45:00+00:00,38.0991999999972,-121.499299999995,31.07253000000003,0.8320051,2.1550226,-182.86797723879147,38340.1680000012,0.0500025,0.08138,0.0877325,0.2992625,0.3010225,-0.053333053479976585,-0.07125636599666185,0.36963809654572705,0.38984192224408876,-0.01082579564877617,0.9745,-0.0028838985064355825,16.84883000000002,18.99,7.328233201277847,46.66,613.089976,763.703629,165.978,233.263,268.699,45.6583,567.4316759999999
US-Bi1,2017-05-13 10:39:00.168000001,2017-05-13 18:45:00+00:00,38.0991999999972,-121.499299999995,23.48797000000002,0.8320051,2.1550226,-145.46936221689424,38340.1680000012,0.0293775,0.0678225,0.03683,0.528145,0.2155525,0.41172367984058444,0.0771781102033928,0.7176145371763079,0.6352061055703266,0.05749183121137036,0.9745,0.414745305643179,9.962220000000002,15.7,3.4699772380057174,43.92,615.428068,733.086548,352.537,489.993,107.81,22.4896,592.9384680000001
US-Bi1,2017-06-14 10:39:00.168000001,2017-06-14 18:45:00+00:00,38.0991999999972,-121.499299999995,32.83282000000003,0.8723659,3.4957843,-163.84802876051202,38340.1680000012,0.0319075,0.0660625,0.048875,0.44295,0.2162125,0.207003492713477,0.005106358700303219,0.6350297605315369,0.5847588381297377,0.031224436745102224,0.9745,0.3388377262623055,12.206970000000013,24.91,12.988522410922352,47.5,659.351511,762.2011769999999,352.686,478.077,54.1094,35.5985,623.753011
US-Bi1,2017-06-30 10:39:00.168000001,2017-06-30 18:45:00+00:00,38.0991999999972,-121.499299999995,42.324670000000026,0.8723659,3.4957843,-224.96737883707647,38340.1680000012,0.06037,0.097495,0.1235925,0.31271,0.3263225,-0.16238119682050803,-0.09085504805310617,0.2860719408187291,0.3590030529872557,-0.04218873046764282,0.9745,-0.02097352597905348,23.112270000000024,22.78,12.139537473576167,51.06,602.449898,749.356855,145.339,197.726,238.517,85.0669,517.3829979999999
US-Bi1,2017-07-16 10:39:00.168000001,2017-07-16 18:45:00+00:00,38.0991999999972,-121.499299999995,38.09316000000001,0.6395762,1.9257404,-171.935617335242,38340.1680000012,0.0290475,0.05652,0.0426325,0.4443525,0.20447,0.19809571357249844,-0.03680981595092023,0.6549903628592977,0.6132680429682005,0.02554023541381545,0.9745,0.364107934990077,11.522699999999986,30.7,13.975813246144174,36.14,660.325012,760.667774,398.147,531.589,-20.1375,39.1353,621.189712
US-Bi1,2017-08-01 10:39:00.168000001,2017-08-01 18:45:00+00:00,38.0991999999972,-121.499299999995,45.16160000000002,0.6395762,1.9257404,-226.53033738081012,38340.1680000012,0.0733775,0.1186975,0.155355,0.3876475,0.336195,-0.18267098542419333,-0.0800916440220682,0.3074059552868664,0.39355076436383896,-0.056655442176348325,0.9745,0.07011381870087922,22.005449999999996,28.02,14.205738103563798,42.81,513.274322,666.657258,177.522,234.275,190.149,50.7592,462.51512199999996
US-Bi1,2017-08-17 10:39:00.168000001,2017-08-17 18:45:00+00:00,38.0991999999972,-121.499299999995,35.098960000000034,0.6794761,1.9730864,-169.360428000725,38340.1680000012,0.0359225,0.0696375,0.0665025,0.4119575,0.2401925,0.03128196173323021,-0.04508056222146048,0.5590867804564205,0.5498923052323667,0.005530345811852855,0.9745,0.2594049686626897,15.30225999999999,23.3,14.681769624520205,58.4,573.500041,671.068403,214.598,282.938,136.152,34.1734,539.326641
US-Bi1,2017-09-02 10:39:00.168000001,2017-09-02 18:45:00+00:00,38.0991999999972,-121.499299999995,47.906300000000044,0.6794761,1.9730864,-202.85546541923486,38340.1680000012,0.069995,0.109485,0.1402575,0.347525,0.344225,-0.17119848676615812,-0.08614474487320607,0.29243699822883773,0.3708802587720163,-0.04855524590065918,0.9745,0.00470252939080865,19.03000000000003,31.58,12.872474668463825,31.99,465.531466,617.135516,158.744,208.252,120.032,80.441,385.090466
US-Bi1,2017-10-04 10:39:00.168000001,2017-10-04 18:45:00+00:00,38.0991999999972,-121.499299999995,33.77963,0.61892164,1.8417871,-153.37720414040416,38340.1680000012,0.05916,0.09546,0.12065,0.3421075,0.3034975,-0.16049697355845804,-0.09243457799538898,0.33438321233721596,0.4033236423674671,-0.040898870135397725,0.9745,0.058892168302560284,14.466589999999997,18.84,3.923125814980512,37.18,392.873593,560.157548,96.9822,118.869,183.67,55.1877,337.685893
US-Bi1,2017-10-04 10:39:00.168000001,2017-10-04 18:45:00+00:00,38.0991999999972,-121.499299999995,33.77963,0.61892164,1.8417871,-153.37720414040416,38340.1680000012,0.05916,0.09546,0.12065,0.3421075,0.3034975,-0.16049697355845804,-0.09243457799538898,0.33438321233721596,0.4033236423674671,-0.040898870135397725,0.9745,0.058892168302560284,14.466589999999997,18.84,3.923125814980512,37.18,392.873593,560.157548,96.9822,118.869,183.67,55.1877,337.685893
US-Bi1,2017-10-04 10:39:00.168000001,2017-10-04 18:45:00+00:00,38.0991999999972,-121.499299999995,33.77963,0.61892164,1.8417871,-153.37720414040416,38340.1680000012,0.05916,0.09546,0.12065,0.3421075,0.3034975,-0.16049697355845804,-0.09243457799538898,0.33438321233721596,0.4033236423674671,-0.040898870135397725,0.9745,0.058892168302560284,14.466589999999997,18.84,3.923125814980512,37.18,392.873593,560.157548,96.9822,118.869,183.67,55.1877,337.685893
US-Bi1,2017-10-04 10:39:00.168000001,2017-10-04 18:45:00+00:00,38.0991999999972,-121.499299999995,33.77963,0.61892164,1.8417871,-153.37720414040416,38340.1680000012,0.05916,0.09546,0.12065,0.3421075,0.3034975,-0.16049697355845804,-0.09243457799538898,0.33438321233721596,0.4033236423674671,-0.040898870135397725,0.9745,0.058892168302560284,14.466589999999997,18.84,3.923125814980512,37.18,392.873593,560.157548,96.9822,118.869,183.67,55.1877,337.685893
US-Bi1,2017-10-04 10:39:00.168000001,2017-10-04 18:45:00+00:00,38.0991999999972,-121.499299999995,33.77963,0.347767,0.808299,-153.37720414040416,38340.1680000012,0.05916,0.09546,0.12065,0.3421075,0.3034975,-0.16049697355845804,-0.09243457799538898,0.33438321233721596,0.4033236423674671,-0.040898870135397725,0.9745,0.058892168302560284,14.466589999999997,18.84,3.923125814980512,37.18,392.873593,560.157548,96.9822,118.869,183.67,55.1877,337.685893
US-Bi1,2017-10-04 10:39:00.168000001,2017-10-04 18:45:00+00:00,38.0991999999972,-121.499299999995,33.77963,0.347767,0.808299,-153.37720414040416,38340.1680000012,0.05916,0.09546,0.12065,0.3421075,0.3034975,-0.16049697355845804,-0.09243457799538898,0.33438321233721596,0.4033236423674671,-0.040898870135397725,0.9745,0.058892168302560284,14.466589999999997,18.84,3.923125814980512,37.18,392.873593,560.157548,96.9822,118.869,183.67,55.1877,337.685893
US-Bi1,2017-10-04 10:39:00.168000001,2017-10-04 18:45:00+00:00,38.0991999999972,-121.499299999995,33.77963,0.347767,0.808299,-153.37720414040416,38340.1680000012,0.05916,0.09546,0.12065,0.3421075,0.3034975,-0.16049697355845804,-0.09243457799538898,0.33438321233721596,0.4033236423674671,-0.040898870135397725,0.9745,0.058892168302560284,14.466589999999997,18.84,3.923125814980512,37.18,392.873593,560.157548,96.9822,118.869,183.67,55.1877,337.685893
US-Bi1,2017-10-04 10:39:00.168000001,2017-10-04 18:45:00+00:00,38.0991999999972,-121.499299999995,33.77963,0.347767,0.808299,-153.37720414040416,38340.1680000012,0.05916,0.09546,0.12065,0.3421075,0.3034975,-0.16049697355845804,-0.09243457799538898,0.33438321233721596,0.4033236423674671,-0.040898870135397725,0.9745,0.058892168302560284,14.466589999999997,18.84,3.923125814980512,37.18,392.873593,560.157548,96.9822,118.869,183.67,55.1877,337.685893
US-Bi1,2018-03-29 10:39:00.168000002,2018-03-29 18:45:00+00:00,38.0991999999944,-121.49929999999,23.050440000000037,0.750204,2.4793112,-124.5098881977247,38340.1680000024,0.033915,0.0623225,0.0374625,0.458735,0.2099975,0.3774100500986792,0.013281305571644838,0.6797403869479447,0.6066157961326136,0.046099104553561476,0.9745,0.3664735370709374,8.995740000000012,16.71,7.262612389046671,53.62,518.37039,632.214145,257.726,369.485,75.8013,35.301,483.06939000000006
US-Bi1,2018-04-14 10:39:00.168000002,2018-04-14 18:45:00+00:00,38.0991999999944,-121.49929999999,28.358640000000037,0.19247983,0.34807757,-160.38333787196967,38340.1680000024,0.0305325,0.0660075,0.046235,0.3666925,0.2251775,0.24198384530657202,0.0202776462859737,0.5842329522441418,0.5193391340377046,0.03608345822018977,0.9745,0.2351255254456942,13.315920000000006,15.28,4.845650203986182,49.7,591.777471,712.675694,218.922,298.983,100.159,43.4305,548.3469709999999
US-Bi1,2018-06-01 10:39:00.168000002,2018-06-01 18:45:00+00:00,38.0991999999944,-121.49929999999,41.55560000000003,0.28679344,0.6348008,-222.93408723687708,38340.1680000024,0.05718,0.0906475,0.1075325,0.2953575,0.3213725,-0.11975177304964536,-0.08438602804239823,0.3043233456247654,0.3548353803282072,-0.027927046240184383,0.9745,-0.04150910280344009,21.260400000000004,17.57,4.228561000372341,41.14,603.385124,782.348935,147.105,193.786,262.045,84.5744,518.810724
US-Bi1,2018-06-17 10:39:00.168000002,2018-06-17 18:45:00+00:00,38.0991999999944,-121.49929999999,33.191700000000026,0.63203865,1.7158037,-176.21360236988312,38340.1680000024,0.026655,0.04992,0.04013,0.29236,0.14936,0.1544285826957962,-0.07822273514137335,0.5287197050903292,0.49056796166003874,0.018100475725082,0.9745,0.316567785353759,16.49194,13.83,3.03878365429099,48.06,511.843234,591.530242,251.889,351.434,128.615,24.0662,487.777034
US-Bi1,2018-07-03 10:39:00.168000002,2018-07-03 18:45:00+00:00,38.0991999999944,-121.49929999999,42.57418000000001,0.39706424,1.0313387,-231.80841963229983,38340.1680000024,0.0610025,0.09887,0.1104475,0.3638325,0.3104825,-0.07806020968883799,-0.056561463775376276,0.3879320210574501,0.4192733602820349,-0.01902989229647878,0.9745,0.07796117285168382,24.50130999999999,16.71,5.889695390216406,48.78,561.056798,715.578629,166.88,237.519,189.784,47.9352,513.121598
US-Bi1,2018-07-19 10:39:00.168000002,2018-07-19 18:45:00+00:00,38.0991999999944,-121.49929999999,36.551630000000046,0.7586548,2.336147,-176.96312091682137,38340.1680000024,0.028855,0.05993,0.0486275,0.4629425,0.20403,0.14180860073397947,-0.030817590992247613,0.6487437006962622,0.6162147772846488,0.020563144418383805,0.9745,0.38245645133295664,16.232090000000028,19.01,8.218365431069651,49.52,652.238914,747.112468,359.054,523.736,47.6731,23.6308,628.608114
US-Bi1,2018-08-20 10:39:00.168000002,2018-08-20 18:45:00+00:00,38.0991999999944,-121.49929999999,32.15948000000003,0.74552125,2.3289454,-161.9646054573252,38340.1680000024,0.03155,0.0673825,0.053715,0.482935,0.21624,0.1526284932577682,-0.0018516461133949124,0.646416091366232,0.6089319401816539,0.024622975619036258,0.9745,0.376063736031304,14.832730000000026,17.76,8.634328260288992,55.09,581.21466,680.0002900000001,325.072,458.583,94.8394,28.5713,552.64336
US-Bi1,2018-09-05 10:39:00.168000002,2018-09-05 18:45:00+00:00,38.0991999999944,-121.49929999999,39.503930000000025,0.8319887,3.1808822,-213.1347155040416,38340.1680000024,0.065753125,0.10934062,0.14224437,0.38025686,0.31907624,-0.17706193714409532,-0.08247956561351541,0.32840539050020895,0.409409324891584,-0.0517974073301366,0.967825,0.0862509024321577,20.36880000000002,19.98,12.3630677644888,61.51,563.563224,650.931016,316.853,445.3,65.6209,18.414,545.149224
US-Bi1,2018-09-21 10:39:00.168000002,2018-09-21 18:45:00+00:00,38.0991999999944,-121.49929999999,39.503930000000025,0.8319887,3.1808822,-213.1347155040416,38340.1680000024,0.065753125,0.10934062,0.14224437,0.38025686,0.31907624,-0.17706193714409532,-0.08247956561351541,0.32840539050020895,0.409409324891584,-0.0517974073301366,0.967825,0.0862509024321577,20.36880000000002,25.79,2.685338214657516,22.32,453.602135,614.4782580000001,205.022,287.034,154.458,28.6177,424.98443499999996
US-Bi1,2018-10-07 10:39:00.168000002,2018-10-07 18:45:00+00:00,38.0991999999944,-121.49929999999,26.01388000000003,0.66218466,2.0597308,-141.70932788386563,38340.1680000024,0.027005626,0.05872,0.040796876,0.41222563,0.206395,0.24717714837352822,-0.0015409715375327908,0.638994776905668,0.5826051943270931,0.033056808973654594,0.967825,0.32743219069981844,4.9768399999999815,19.8,-0.6891530109367041,25.15,457.235177,568.5103710000001,217.468,305.202,41.9499,4.49192,452.743257
US-Bi1,2019-03-16 10:39:00.168000002,2019-03-16 18:45:00+00:00,38.0991999999944,-121.49929999999,25.94980000000004,0.7797809,2.5593612,-167.53609945732234,38340.1680000024,0.036369376,0.0607825,0.0628725,0.23916812,0.25621814,-0.023944378286165365,-0.102201526079419,0.35875297572194936,0.3668678169508601,-0.003714632239172677,0.967825,-0.033736611675988126,16.28895,14.79,6.139477769892852,56.12,501.309353,626.820565,119.045,181.421,147.436,41.7851,459.524253
US-Bi1,2019-04-17 10:39:00.168000002,2019-04-17 18:45:00+00:00,38.0991999999944,-121.49929999999,24.862000000000023,0.7628844,2.5593612,-129.1768042299089,38340.1680000024,0.02385,0.0543475,0.0278375,0.5436275,0.208045,0.45444415873832167,0.03330837878625836,0.7495031900428826,0.677927389173965,0.05008452222327486,0.9745,0.4405863412424631,9.802340000000015,18.59,10.216505353385271,58.17,585.871228,694.687645,240.496,360.919,88.8329,32.1861,553.685128
US-Bi1,2019-05-03 10:39:00.168000002,2019-05-03 18:45:00+00:00,38.0991999999944,-121.49929999999,34.972500000000025,0.3471499,0.024994753,-202.53360910902387,38340.1680000024,0.0490675,0.08336,0.09721313,0.29586625,0.2609,-0.10534248609736323,-0.08143410109233146,0.3354999729393862,0.37860277650772756,-0.023282522083640234,0.967825,0.06169430519195519,19.695699999999988,20.01,2.747007741464488,31.81,494.684055,668.447726,122.922,175.658,209.019,78.0846,416.59945500000003
US-Bi1,2019-06-04 10:39:00.168000002,2019-06-04 18:45:00+00:00,38.0991999999944,-121.49929999999,31.04946000000001,0.95460117,0.08993868,-124.27172206877583,38340.1680000024,0.02809875,0.05366,0.028476875,0.56437624,0.18988812,0.4660251442847064,0.003480085205108761,0.7558481924755082,0.6896575551050942,0.047524498775278534,0.967825,0.489998146714574,8.164459999999963,25.99,14.76510029350678,50.0,647.230005,729.2275319999999,259.852,367.108,33.6718,29.4032,617.826805
US-Bi1,2019-06-20 10:39:00.168000002,2019-06-20 18:45:00+00:00,38.0991999999944,-121.49929999999,34.18466000000001,0.60451543,1.6630099,-170.01314942658178,38340.1680000024,0.041236874,0.07506187,0.06565,0.411765,0.2554825,0.0946154348174088,-0.022028990828310595,0.5614459201956714,0.5340700065926282,0.016606487424187688,0.967825,0.2307612800342563,15.117189999999994,21.38,11.918200988550376,54.8,659.387198,770.183323,356.394,498.235,141.328,34.8211,624.566098
US-Bi1,2019-07-06 10:39:00.168000002,2019-07-06 18:45:00+00:00,38.0991999999944,-121.49929999999,33.57794000000001,0.817713,3.5195413,-163.83651583116125,38340.1680000024,0.029673126,0.052566875,0.03981375,0.47634187,0.18896687,0.2033747989215771,-0.06389941233624738,0.6827241598343579,0.645654428661291,0.023583036544357117,0.967825,0.4255460991072024,13.493690000000015,24.99,12.54838787191702,45.93,651.682916,755.429581,391.856,543.441,80.6559,27.3475,624.335416
US-Bi1,2019-07-22 10:39:00.168000002,2019-07-22 18:45:00+00:00,38.0991999999944,-121.49929999999,35.94410000000005,0.66760033,2.537421,-164.0158861007273,38340.1680000024,0.0232725,0.04831125,0.042804375,0.4442975,0.17136,0.08117071552939227,-0.09146418507341644,0.6544254290678095,0.6376348519997143,0.010137043189080375,0.967825,0.436241074389742,13.48616000000004,27.69,13.023905915414655,40.41,646.665725,738.076323,331.647,453.606,106.923,40.3405,606.3252249999999
US-Bi1,2019-08-07 10:39:00.168000002,2019-08-07 18:45:00+00:00,38.0991999999944,-121.49929999999,35.68688000000003,0.7504715,2.340688,-179.10621586751228,38340.1680000024,0.03841125,0.07720687,0.07264875,0.45218313,0.25946313,0.040900406184717984,-0.021067553831897345,0.5732708840017711,0.560893802102211,0.007951627797350702,0.967825,0.26705605042559216,16.90118000000001,23.8,13.629054148433273,52.93,609.905604,713.10729,282.113,383.596,86.198,41.3205,568.585104
US-Bi1,2019-08-23 10:39:00.168000002,2019-08-23 18:45:00+00:00,38.0991999999944,-121.49929999999,45.98025000000001,0.34769583,0.7940363,-232.92079156637186,38340.1680000024,0.058190625,0.10119375,0.12190813,0.3857225,0.32985625,-0.12560925571756762,-0.06407430219949994,0.3834336897885255,0.4368069508047111,-0.033520898514639574,0.967825,0.07699543295610574,25.138750000000016,29.3,14.494553347740515,40.5,509.174847,661.346774,243.74,337.453,105.727,50.0557,459.119147
US-Bi1,2019-09-08 10:39:00.168000002,2019-09-08 18:45:00+00:00,38.0991999999944,-121.49929999999,27.283650000000023,0.8510282,2.8308527,-120.09714021892586,38340.1680000024,0.027748125,0.057846874,0.032485,0.5418881,0.2022975,0.4052469595581434,0.024169869336437895,0.7357829797600184,0.6680281089501577,0.047484858532967134,0.967825,0.4502745743222888,7.493589999999983,22.05,13.541782811623055,58.51,540.283297,632.0663870000001,345.228,490.016,69.5291,19.7637,520.519597
US-Bi1,2019-09-24 10:39:00.168000002,2019-09-24 18:45:00+00:00,38.0991999999944,-121.49929999999,40.33196000000004,0.93033826,4.6070004,-196.7266426991203,38340.1680000024,0.062185,0.0996125,0.11834,0.335315,0.3254975,-0.12022726178439015,-0.07283304246655024,0.33152654098539674,0.38294899753055867,-0.03045904368075536,0.9745,0.01463523711916516,15.250060000000019,28.8,7.98223000836359,27.06,444.521837,608.122839,105.12,145.525,174.741,38.1519,406.369937
US-Bi1,2019-10-10 10:39:00.168000002,2019-10-10 18:45:00+00:00,38.0991999999944,-121.49929999999,22.86074000000002,0.8613336,0.048745222,-149.7634249260106,38340.1680000024,0.035393126,0.06521688,0.043065626,0.46912313,0.218605,0.3039023517554958,0.007628679503870703,0.6689168006056669,0.605651237196645,0.04065266711759763,0.967825,0.3590483445177995,7.075339999999983,18.79,-5.545618870476913,18.63,429.04214,554.800113,263.222,355.201,35.5088,17.4825,411.55964
US-Bi1,2019-10-26 10:39:00.168000002,2019-10-26 18:45:00+00:00,38.0991999999944,-121.49929999999,32.13384000000002,0.21341185,0.33853418,-172.00947137841365,38340.1680000024,0.061415,0.097825,0.112345,0.3390825,0.32100812,-0.09761016436422308,-0.06702272239574646,0.3524687018562005,0.39280048058409456,-0.02381374607765563,0.967825,0.026973038363079904,14.728239999999971,21.83,3.6159720434907716,30.25,336.357842,492.352677,111.859,148.662,155.74,42.3957,293.96214200000003
US-Bi1,2020-03-02 10:39:00.168000002,2020-03-02 18:45:00+00:00,38.0991999999944,-121.49929999999,18.463459999999998,0.8094355,2.3893874,-122.5215144633109,38340.1680000024,0.023141876,0.04880625,0.028545626,0.4497975,0.17968562,0.3737432945950932,-0.020446572800335412,0.7026719109808197,0.6397901035127812,0.03825061930040374,0.967825,0.42239094598775345,3.2614599999999996,14.61,-8.100093464947934,19.95,430.134671,553.581081,257.129,363.333,47.0299,34.222,395.91267100000005
US-Bi1,2020-04-03 10:39:00.168000002,2020-04-03 18:45:00+00:00,38.0991999999944,-121.49929999999,20.18786,0.81578565,3.006469,-139.39669979234588,38340.1680000024,0.022921875,0.04721125,0.026276875,0.51035935,0.1687475,0.41399896175808965,-0.02466800519054595,0.7399517051644738,0.6800001514227317,0.03969632201604156,0.967825,0.495731322363143,9.643979999999999,12.87,2.820822282792115,50.38,543.513457,655.8989029999999,224.822,324.719,127.424,16.8764,526.637057
US-Bi1,2020-04-19 10:39:00.168000002,2020-04-19 18:45:00+00:00,38.0991999999944,-121.49929999999,22.80690000000004,0.81578565,3.006469,-138.816082167763,38340.1680000024,0.032134376,0.055646874,0.031749375,0.49256,0.1844775,0.4324409887446267,-0.01150205065560306,0.7153124132789926,0.6467881644569667,0.04481573694395491,0.967825,0.448421665484053,10.053429999999992,15.16,7.564705836775917,60.44,558.282394,653.6205319999999,285.414,383.515,149.054,16.2294,542.0529939999999
US-Bi1,2020-04-19 10:39:00.168000002,2020-04-19 18:45:00+00:00,38.0991999999944,-121.49929999999,22.80690000000004,0.81578565,3.006469,-138.816082167763,38340.1680000024,0.032134376,0.055646874,0.031749375,0.49256,0.1844775,0.4324409887446267,-0.01150205065560306,0.7153124132789926,0.6467881644569667,0.04481573694395491,0.967825,0.448421665484053,10.053429999999992,15.16,7.564705836775917,60.44,558.282394,653.6205319999999,285.414,383.515,149.054,16.2294,542.0529939999999
US-Bi1,2020-04-19 10:39:00.168000002,2020-04-19 18:45:00+00:00,38.0991999999944,-121.49929999999,22.80690000000004,0.81578565,3.006469,-138.816082167763,38340.1680000024,0.032134376,0.055646874,0.031749375,0.49256,0.1844775,0.4324409887446267,-0.01150205065560306,0.7153124132789926,0.6467881644569667,0.04481573694395491,0.967825,0.448421665484053,10.053429999999992,15.16,7.564705836775917,60.44,558.282394,653.6205319999999,285.414,383.515,149.054,16.2294,542.0529939999999
US-Bi1,2020-04-19 10:39:00.168000002,2020-04-19 18:45:00+00:00,38.0991999999944,-121.49929999999,22.80690000000004,0.81578565,3.006469,-138.816082167763,38340.1680000024,0.032134376,0.055646874,0.031749375,0.49256,0.1844775,0.4324409887446267,-0.01150205065560306,0.7153124132789926,0.6467881644569667,0.04481573694395491,0.967825,0.448421665484053,10.053429999999992,15.16,7.564705836775917,60.44,558.282394,653.6205319999999,285.414,383.515,149.054,16.2294,542.0529939999999
US-Bi1,2020-04-19 10:39:00.168000002,2020-04-19 18:45:00+00:00,38.0991999999944,-121.49929999999,22.80690000000004,0.81578565,3.006469,-138.816082167763,38340.1680000024,0.032134376,0.055646874,0.031749375,0.49256,0.1844775,0.4324409887446267,-0.01150205065560306,0.7153124132789926,0.6467881644569667,0.04481573694395491,0.967825,0.448421665484053,10.053429999999992,15.16,7.564705836775917,60.44,558.282394,653.6205319999999,285.414,383.515,149.054,16.2294,542.0529939999999
US-Bi1,2020-04-19 10:39:00.168000002,2020-04-19 18:45:00+00:00,38.0991999999944,-121.49929999999,22.80690000000004,0.81578565,3.006469,-138.816082167763,38340.1680000024,0.032134376,0.055646874,0.031749375,0.49256,0.1844775,0.4324409887446267,-0.01150205065560306,0.7153124132789926,0.6467881644569667,0.04481573694395491,0.967825,0.448421665484053,10.053429999999992,15.16,7.564705836775917,60.44,558.282394,653.6205319999999,285.414,383.515,149.054,16.2294,542.0529939999999
US-Bi1,2020-04-19 10:39:00.168000002,2020-04-19 18:45:00+00:00,38.0991999999944,-121.49929999999,22.80690000000004,0.81578565,3.006469,-138.816082167763,38340.1680000024,0.032134376,0.055646874,0.031749375,0.49256,0.1844775,0.4324409887446267,-0.01150205065560306,0.7153124132789926,0.6467881644569667,0.04481573694395491,0.967825,0.448421665484053,10.053429999999992,15.16,7.564705836775917,60.44,558.282394,653.6205319999999,285.414,383.515,149.054,16.2294,542.0529939999999
US-Bi1,2020-04-19 10:39:00.168000002,2020-04-19 18:45:00+00:00,38.0991999999944,-121.49929999999,22.80690000000004,0.81578565,3.006469,-138.816082167763,38340.1680000024,0.032134376,0.055646874,0.031749375,0.49256,0.1844775,0.4324409887446267,-0.01150205065560306,0.7153124132789926,0.6467881644569667,0.04481573694395491,0.967825,0.448421665484053,10.053429999999992,15.16,7.564705836775917,60.44,558.282394,653.6205319999999,285.414,383.515,149.054,16.2294,542.0529939999999
US-Bi1,2020-05-05 10:39:00.168000002,2020-05-05 18:45:00+00:00,38.0991999999944,-121.49929999999,36.56360000000001,0.36875466,0.9308279,-204.6205472976775,38340.1680000024,0.050215624,0.081435,0.08809,0.34210062,0.29665,-0.05577935467536105,-0.07242992469203961,0.4248534050915031,0.44487808541203305,-0.011335325864073598,0.967825,0.07005869219824405,21.16552999999999,21.88,0.6183663302531791,24.34,593.376723,757.699306,264.239,345.335,165.797,74.9256,518.4511229999999
US-Bi1,2020-05-21 10:39:00.168000002,2020-05-21 18:45:00+00:00,38.0991999999944,-121.49929999999,31.282740000000047,0.8144562,3.0760033,-161.37872960069075,38340.1680000024,0.029879374,0.0532475,0.034884375,0.45849437,0.1969625,0.31523324638027134,-0.03737139904013471,0.6875682908796882,0.6324023345455804,0.034251790714990626,0.967825,0.3930110000968207,13.501310000000046,22.11,8.694393405135827,42.25,658.735409,764.0648060000001,314.326,428.827,107.872,38.6318,620.103609
US-Bi1,2020-06-06 10:39:00.168000002,2020-06-06 18:45:00+00:00,38.0991999999944,-121.49929999999,38.393100000000004,0.756644,2.6435204,-228.3283797481896,38340.1680000024,0.068895,0.10375125,0.1333825,0.32778,0.3703225,-0.1761261897155084,-0.097383531254078,0.28248844545521234,0.3614069699526251,-0.04723113983597904,0.967825,-0.06007957887452731,23.699899999999957,19.12,1.9062297958691066,31.66,596.690585,772.407548,159.128,208.942,271.426,68.6621,528.028485
US-Bi1,2020-06-22 10:39:00.168000002,2020-06-22 18:45:00+00:00,38.0991999999944,-121.49929999999,39.48770000000002,0.6629137,1.708612,-192.4476670214957,38340.1680000024,0.038645,0.06949312,0.06719,0.42063376,0.2536331,0.023492086547559316,-0.05714907107778256,0.5642066836169528,0.5575368513412996,0.004058620055634843,0.967825,0.24405779347548706,19.07877000000002,24.91,12.787848272020964,46.88,638.653474,768.078629,316.695,408.787,166.566,68.47,570.1834739999999
US-Bi1,2020-07-08 10:39:00.168000002,2020-07-08 18:45:00+00:00,38.0991999999944,-121.49929999999,49.594780000000014,0.13085882,0.28157428,-266.01337634501886,38340.1680000024,0.08174437,0.13011688,0.17370437,0.3944675,0.394495,-0.19627207478779427,-0.07992996071117635,0.2762389204154502,0.37305333639595284,-0.0657439268147928,0.967825,-3.441963796793731e-05,28.21350000000001,25.13,7.676193116415588,32.87,541.610864,741.181161,98.4781,129.412,244.029,81.7619,459.848964
US-Bi1,2020-07-24 10:39:00.168000002,2020-07-24 18:45:00+00:00,38.0991999999944,-121.49929999999,34.989599999999996,0.7006691,1.9358153,-177.8743145695732,38340.1680000024,0.03659625,0.07300625,0.06389687,0.45623937,0.2520175,0.09081511565459077,-0.015111416775169358,0.6004573573502361,0.5752881135294557,0.016124393104785195,0.967825,0.28432985263336213,16.95667999999995,20.86,9.56851014888165,48.38,611.453552,713.8827739999999,324.475,428.552,107.095,38.0171,573.4364519999999
US-Bi1,2020-08-09 10:39:00.168000002,2020-08-09 18:45:00+00:00,38.0991999999944,-121.49929999999,45.647820000000024,0.20473167,0.35088637,-230.20783406855497,38340.1680000024,0.064749375,0.11132062,0.13743187,0.39984375,0.34857687,-0.14190656500570664,-0.06221273409156268,0.3616902741510026,0.42505038229707987,-0.04131664559030046,0.967825,0.0675968962974662,23.583280000000002,24.86,7.351727073529015,32.67,488.145195,648.814226,228.792,302.755,130.841,64.4213,423.72389499999997
US-Bi1,2020-08-25 10:39:00.168000002,2020-08-25 18:45:00+00:00,38.0991999999944,-121.49929999999,31.31265000000002,0.8357629,2.7699625,-133.42175824690582,38340.1680000024,0.033591874,0.07288937,0.051075,0.45835,0.22727437,0.2413828428507717,0.039622177867256636,0.6386468248648165,0.5771471227078097,0.03943506993391477,0.967825,0.33218449491641583,9.69259999999997,24.44,17.05994179342774,63.49,536.364205,607.655677,349.337,488.698,52.7975,21.7961,514.568105
US-Bi1,2020-09-26 10:39:00.168000002,2020-09-26 18:45:00+00:00,38.0991999999944,-121.49929999999,29.265250000000037,0.7897362,2.01371,-115.28629832551803,38340.1680000024,0.036218125,0.06283812,0.038095,0.47339937,0.20992188,0.3823398271142569,0.005452691957515866,0.6862123479528387,0.6150429751601181,0.04582698924444806,0.967825,0.3800222335605608,6.129250000000013,25.97,12.543164577918121,43.32,484.481611,565.399484,320.243,442.425,-27.4312,31.8075,452.674111
US-Bi1,2020-10-12 10:39:00.168000002,2020-10-12 18:45:00+00:00,38.0991999999944,-121.49929999999,36.14575000000002,0.18181768,0.3585704,-180.01646827303102,38340.1680000024,0.055908125,0.09041375,0.11361688,0.3044875,0.31291625,-0.15664824194000773,-0.09665858091733431,0.30093847872134843,0.3687868937207976,-0.03807225317673146,0.967825,-0.013434331560817072,16.392049999999983,23.99,5.633344878021754,30.57,403.569591,549.0420479999999,89.8268,123.133,171.612,56.4949,347.07469100000003
US-Bi1,2020-10-28 10:39:00.168000002,2020-10-28 18:45:00+00:00,38.0991999999944,-121.49929999999,24.131400000000042,0.64014256,1.8257209,-144.5951436805309,38340.1680000024,0.03379125,0.06824187,0.049995624,0.41554624,0.22031687,0.2160693612376649,0.009978391509481651,0.6120756393121937,0.5569707613007715,0.033072428774983065,0.967825,0.30227670070829715,9.418000000000006,18.17,2.940308736800881,36.17,320.470085,445.844758,157.634,210.942,51.3184,28.2567,292.21338499999996
US-Bi1,2021-04-06 10:39:00.168000002,2021-04-06 18:45:00+00:00,38.0991999999944,-121.49929999999,29.28660000000002,0.70238435,2.0505137,-183.6005622160323,38340.1680000024,0.03452,0.059208125,0.043925,0.416165,0.21111125,0.22274346198340336,-0.0406250474709984,0.6317316551981021,0.5842645167660604,0.02803256356478523,0.967825,0.32176587468935175,17.689039999999977,22.183,,,568.183964,681.240065,234.723,328.259,157.256,32.1044,536.0795639999999
US-Bi1,2021-05-08 10:39:00.168000002,2021-05-08 18:45:00+00:00,38.0991999999944,-121.49929999999,33.39572000000004,0.4858639,1.3487532,-182.36860763523288,38340.1680000024,0.05225578,0.08261922,0.08296641,0.3248667,0.2829722,-0.0030635353351302517,-0.0570213835431387,0.41914899951207113,0.4202260038953768,-0.0005956079265612146,0.96356875,0.06780812927123883,10.143040000000042,24.22,-1.5297645210890158,18.06,590.511687,728.314661,287.086,375.497,110.577,71.9293,518.582387
US-Bi1,2021-06-09 10:39:00.168000002,2021-06-09 18:45:00+00:00,38.0991999999944,-121.49929999999,34.10092000000003,0.5207117,1.2758176,-206.23548823611412,38340.1680000024,0.04712875,0.0866875,0.08515438,0.40255937,0.27953812,0.012293172338790622,-0.02504688983209807,0.4972998923683837,0.4930429545191426,0.002619025712737977,0.967825,0.1777513309577239,20.832460000000026,18.74,5.043484179485054,40.47,633.771051,777.919355,234.851,307.069,207.995,71.4753,562.2957510000001
US-Bi1,2021-07-11 10:39:00.168000002,2021-07-11 18:45:00+00:00,38.0991999999944,-121.49929999999,35.016080000000045,0.88847023,2.9639087,-165.5581247335861,38340.1680000024,0.035874374,0.06873,0.048744377,0.49700126,0.2354075,0.24492184148571666,0.010442744938946069,0.6685015521145982,0.6143447386445834,0.03629919050453134,0.967825,0.3523581268087408,13.959580000000017,28.62,15.4650270362838,44.84,631.373471,739.4821450000001,501.094,678.038,11.7763,56.0934,575.280071
US-Bi1,2021-08-28 10:39:00.168000002,2021-08-28 18:45:00+00:00,38.0991999999944,-121.49929999999,45.36157000000003,0.19873133,0.09927876,-218.4217873135496,38340.1680000024,0.0621575,0.1023075,0.12373,0.31878063,0.3270375,-0.1307206492555529,-0.07099278664706793,0.29451268899515937,0.353380014053846,-0.0345750045141765,0.967825,-0.012590182586138586,21.216709999999978,29.55,12.445221767034868,34.93,454.079662,632.5,258.862,346.147,170.647,56.3691,397.710562
US-Bi1,2021-09-13 10:39:00.168000002,2021-09-13 18:45:00+00:00,38.0991999999944,-121.49929999999,30.76663000000002,0.8218894,2.3440866,-134.6237176890296,38340.1680000024,0.035599373,0.061641876,0.039036874,0.48849,0.2176425,0.34734508905947276,-0.0054553686893165695,0.6916615381607333,0.6279421891597705,0.04180383114679831,0.967825,0.37820864155725376,9.582830000000001,26.38,14.164164915645143,47.0,529.217626,617.60671,345.777,467.993,15.2145,21.5102,507.707426
US-Bi1,2021-09-29 10:39:00.168000002,2021-09-29 18:45:00+00:00,38.0991999999944,-121.49929999999,25.06707,0.93485713,2.998973,-126.7139430847252,38340.1680000024,0.02408375,0.04690875,0.02790625,0.5244394,0.18268313,0.3745718861648393,-0.04173742068102601,0.741323773152508,0.6880694019930694,0.03592520738188154,0.967825,0.47656607581412896,7.189089999999965,21.69,5.841505711533023,35.65,473.836712,585.824306,338.101,465.116,14.0241,10.4429,463.39381199999997
US-Bi1,2021-10-15 10:39:00.168000002,2021-10-15 18:45:00+00:00,38.0991999999944,-121.49929999999,32.73028000000005,0.7788648,2.0774176,-187.56055966396895,38340.1680000024,0.051934376,0.08442563,0.0956525,0.34699562,0.30300936,-0.08761152728520814,-0.07841873750825984,0.408695602045533,0.4415467534929129,-0.01890434356413251,0.967825,0.06664534561542247,15.569880000000012,20.55,3.9752506879752407,33.56,329.763261,489.447145,77.3911,103.594,176.728,31.5498,298.213461
US-Bi1,2022-03-08 10:39:00.168000002,2022-03-08 18:45:00+00:00,38.0991999999944,-121.49929999999,22.710350000000005,0.47400457,0.6146746,-151.1539995749623,38340.1680000024,0.035723124,0.05997125,0.0564925,0.33235875,0.22702688,0.043085497008655785,-0.08496064764332839,0.5146761003870902,0.5027637736531549,0.006247220517295982,0.967825,0.18499214671083286,11.115289999999959,14.08,2.2423305721123423,44.68,446.05919,582.717887,118.382,167.976,169.588,38.5469,407.51229
US-Bi1,2022-04-17 10:39:00.168000002,2022-04-17 18:45:00+00:00,38.0991999999944,-121.49929999999,28.63122000000004,0.7666476,1.7169827,-195.71110492207987,38340.1680000024,0.034636874,0.06455,0.053199373,0.35090062,0.22822313,0.13656943464063084,-0.032727840816612785,0.5454773195735327,0.5077888176408488,0.02047698238196005,0.9684,0.2082372167138059,19.301420000000007,15.6,2.4689156365643345,41.17,607.869801,766.632919,314.205,424.117,173.169,41.3748,566.495001
US-Bi1,2022-05-19 10:39:00.168000002,2022-05-19 18:45:00+00:00,38.0991999999944,-121.49929999999,38.35037,0.19606127,0.15076739,-208.9408331067147,38340.1680000024,0.042295624,0.07242875,0.065024376,0.35307312,0.25716686,0.07781177357934435,-0.041242316188333066,0.5085452198189072,0.4850546013625562,0.013084557372095351,0.9684,0.15462766524660346,17.113099999999974,28.06,11.109438330719843,34.86,649.268676,796.056742,385.712,484.847,89.3746,80.1077,569.160976
US-Bi1,2022-06-28 10:39:00.168000002,2022-06-28 18:45:00+00:00,38.0991999999944,-121.49929999999,45.0548,0.51789314,1.174227,-242.8676092072531,38340.1680000024,0.040783126,0.07005,0.07715187,0.36895436,0.25368124,-0.06673514207234015,-0.09036309627624259,0.4874006319170795,0.509002332821736,-0.012325087465114737,0.967825,0.1822109283764619,24.881100000000004,29.49,8.573823046929508,27.07,625.688792,773.7080970000001,348.396,457.136,168.998,37.8314,587.857392
US-Bi1,2022-07-14 10:39:00.168000002,2022-07-14 18:45:00+00:00,38.0991999999944,-121.49929999999,48.94708000000003,0.2367312,0.5275887,-267.9116471524146,38340.1680000024,0.07217438,0.115535,0.1529075,0.36393562,0.3664519,-0.19041553972188655,-0.08695390008232312,0.28407881178834804,0.37471506917607633,-0.05798436588712874,0.967825,-0.003398598614952318,29.05671000000001,27.01,15.205721415069418,48.44,518.18342,711.498129,132.285,174.497,207.56,56.5211,461.66231999999997
US-Bi1,2022-07-22 10:39:00.168000002,2022-07-22 18:45:00+00:00,38.0991999999944,-121.49929999999,48.959040000000016,0.2871589,0.15020087,-271.0808145601901,38340.1680000024,0.06492812,0.106301874,0.13758312,0.37203437,0.33922,-0.17479767779135433,-0.08580134596737617,0.3296023682176195,0.4083242413329493,-0.04956736175962295,0.9684,0.04549625120468938,28.56540000000001,27.87,10.35936914207326,33.53,548.748004,752.1045479999999,176.731,238.938,182.119,45.1497,503.59830400000004
US-Bi1,2022-08-07 10:39:00.168000002,2022-08-07 18:45:00+00:00,38.0991999999944,-121.49929999999,44.529300000000035,0.11882113,0.3339468,-241.22431738572033,38340.1680000024,0.08144187,0.1318425,0.179995,0.38692564,0.38700813,-0.2089991897849798,-0.0830291325906281,0.25437735394944805,0.36057424032225144,-0.07209637860115381,0.9684,-0.00010522572589262308,26.588940000000036,23.96,13.507398780072073,52.01,519.39182,702.784274,88.2134,121.055,345.494,47.9965,471.3953200000001
US-Bi1,2022-08-15 10:39:00.168000002,2022-08-15 18:45:00+00:00,38.0991999999944,-121.49929999999,48.86163000000005,0.09073862,0.0,-243.76505986569418,38340.1680000024,0.0783825,0.124259375,0.17464624,0.36744875,0.38258064,-0.22848790703867936,-0.09883100002866471,0.2411817570015243,0.35663001177986764,-0.07607875567359867,0.967825,-0.019909611653307298,25.174830000000043,29.06,14.188699338710645,40.26,492.575606,697.066532,111.957,153.694,203.3,68.2226,424.353006
US-Bi1,2022-09-08 10:39:00.168000002,2022-09-08 18:45:00+00:00,38.0991999999944,-121.49929999999,50.514250000000004,0.1491681,0.3134065,-238.06891219096354,38340.1680000024,0.06877813,0.11266813,0.15309313,0.35681313,0.35022688,-0.20522061965407895,-0.09359271155029995,0.27454595703216456,0.37372859224989163,-0.06276672068339262,0.9684,0.009185331234166361,21.28501,34.57,14.430645941839252,29.94,453.76001,621.72379,151.478,200.067,131.32,55.8941,397.86591000000004
US-Bi1,2022-09-24 10:39:00.168000002,2022-09-24 18:45:00+00:00,38.0991999999944,-121.49929999999,42.23750000000001,0.22009581,0.3161429,-203.89762575612843,38340.1680000024,0.052835,0.08292688,0.105415,0.294395,0.31445625,-0.16595555886166075,-0.11332748967826467,0.3089749005135502,0.3778606421931871,-0.03737948577947059,0.9684,-0.032416917635699975,21.231949999999983,27.41,14.440337266110964,45.04,444.227952,622.471774,113.944,147.192,116.926,55.8085,388.41945200000004
US-Bi1,2022-10-02 10:39:00.168000002,2022-10-02 18:45:00+00:00,38.0991999999944,-121.49929999999,33.57537000000002,0.31080762,0.5201692,-176.6077755117724,38340.1680000024,0.04778875,0.073185,0.0847625,0.30881876,0.28516188,-0.10509832400966788,-0.10999973397887791,0.39238866853843196,0.4297040377611529,-0.0198546649676985,0.967825,0.03916827532750063,16.654389999999978,21.08,12.284279184830826,57.18,453.848652,595.9150319999999,144.717,184.249,238.212,31.3842,422.464452
US-Bi1,2023-04-20 10:39:00.168000002,2023-04-20 18:45:00+00:00,38.0991999999944,-121.49929999999,24.952570000000037,0.69207937,1.9032319,-150.23658465767244,38340.1680000024,0.030945,0.061985627,0.04222,0.42301938,0.21540813,0.2697987692625126,0.0032623865861460873,0.6420304674693149,0.5813660600002573,0.03634640571359038,0.9684,0.32017649898906975,11.750339999999994,17.37,2.802961731509877,37.67,620.854517,744.092452,265.609,365.743,132.088,36.5853,584.269217
US-Bi1,2023-05-14 10:39:00.168000002,2023-05-14 18:45:00+00:00,38.0991999999944,-121.49929999999,47.22012000000001,0.41913655,1.0759231,-273.00088415678107,38340.1680000024,0.06511375,0.10615063,0.12296,0.3478,0.33524624,-0.10249810850060077,-0.05722451163531472,0.33574007220216606,0.38029393871379813,-0.02712444944762593,0.967825,0.01811388515721552,31.646419999999978,28.26,7.124018542332816,26.33,574.965258,761.643,187.669,260.805,185.055,29.7122,545.2530579999999
US-Bi1,2023-06-23 10:39:00.168000002,2023-06-23 18:45:00+00:00,38.0991999999944,-121.49929999999,35.430499999999995,0.5897573,1.5075923,-199.39554062358349,38340.1680000024,0.046888124,0.08964375,0.089788124,0.41298875,0.27086875,-0.0010892554345263558,-0.020189835852265896,0.4942330962999005,0.4946234613418501,-0.0002447987226061876,0.9684,0.2048259188666261,20.274839999999983,19.5,11.304248309330951,59.09,604.939986,738.619387,273.738,375.819,175.911,27.0964,577.843586
US-Bi1,2023-07-09 10:39:00.168000002,2023-07-09 18:45:00+00:00,38.0991999999944,-121.49929999999,50.048550000000034,0.81353027,1.8900129,-294.1673116247792,38340.1680000024,0.0696375,0.112455,0.1522475,0.3464525,0.36734563,-0.20399610386281503,-0.09455610463068265,0.26281210133041727,0.3615539169691937,-0.061849179895839046,0.9684,-0.028865962944667985,34.72333000000003,18.26,11.86717770427203,66.27,649.323766,767.259935,287.891,380.835,169.493,20.4738,628.849966
US-Bi1,2023-07-17 10:39:00.168000002,2023-07-17 18:45:00+00:00,38.0991999999944,-121.49929999999,36.250850000000014,0.81353027,1.8900129,-164.6870621029617,38340.1680000024,0.02798875,0.04891625,0.035640623,0.4818075,0.17683938,0.2346838872486541,-0.07470317355980291,0.6981552338309522,0.6593345803404802,0.02474280970178866,0.967825,0.45609742469747255,14.269229999999993,30.34,15.617224476022333,41.01,644.472508,752.800839,554.087,737.658,8.59651,21.0052,623.467308
US-Bi1,2023-07-25 10:39:00.168000002,2023-07-25 18:45:00+00:00,38.0991999999944,-121.49929999999,50.048550000000034,0.2442936,0.48220628,-256.8841889362231,38340.1680000024,0.0696375,0.112455,0.1522475,0.3464525,0.36734563,-0.20399610386281503,-0.09455610463068265,0.26281210133041727,0.3615539169691937,-0.061849179895839046,0.9684,-0.028865962944667985,27.688050000000032,27.76,14.381157336654976,43.96,558.553028,744.320855,158.726,216.511,238.122,62.9136,495.63942800000007
US-Bi1,2023-08-10 10:39:00.168000002,2023-08-10 18:45:00+00:00,38.0991999999944,-121.49929999999,35.63647000000003,0.7393831,1.922006,-173.45972386483805,38340.1680000024,0.03406625,0.06459813,0.05768875,0.43738812,0.23302875,0.07831932281598994,-0.04635055027978099,0.6048676583910082,0.5847790411445937,0.012373276883539064,0.9684,0.30034436095036854,17.09363000000002,24.24,15.372523271048616,57.7,605.272713,724.568258,258.944,366.294,88.9757,22.6899,582.582813
US-Bi1,2023-08-26 10:39:00.168000002,2023-08-26 18:45:00+00:00,38.0991999999944,-121.49929999999,43.82433000000003,0.7393831,1.922006,-229.26955273473106,38340.1680000024,0.06291375,0.10130375,0.1311825,0.36183876,0.33809936,-0.17620044523728792,-0.09287755027800867,0.3326872690030588,0.41028565339480444,-0.04779077298110057,0.9684,0.03343868899447175,24.087400000000002,24.32,15.93219863335151,59.52,487.02015,673.2281130000001,143.678,198.052,188.201,62.3773,424.64285
US-Bi1,2023-09-11 10:39:00.168000002,2023-09-11 18:45:00+00:00,38.0991999999944,-121.49929999999,38.728049999999996,0.50981027,0.64086556,-189.47861177373863,38340.1680000024,0.04003375,0.06838625,0.074305624,0.38111624,0.25414875,-0.05766103810741764,-0.09155027210916297,0.5081114100754454,0.525983343946894,-0.010320650934369846,0.9684,0.19676798209678167,19.19225,26.59,13.350441714704004,44.03,528.8741,510.32829000000004,318.858,431.812,82.3784,44.0821,484.79200000000003
US-Bi1,2023-09-19 10:39:00.168000002,2023-09-19 18:45:00+00:00,38.0991999999944,-121.49929999999,37.01904000000002,0.50981027,0.64086556,-188.63526934398476,38340.1680000024,0.05425125,0.09333563,0.107395,0.3813294,0.30504438,-0.0959819054395233,-0.06270121039870925,0.41567525064764094,0.45361088769342983,-0.023240326251536714,0.967825,0.1095460831394312,19.085939999999994,22.08,13.52517004708758,58.34,450.018454,600.193839,202.758,273.878,162.703,29.3461,420.67235400000004
US-Bi1,2023-10-05 10:39:00.168000002,2023-10-05 18:45:00+00:00,38.0991999999944,-121.49929999999,35.32882000000001,0.61440474,1.0224032,-158.8395972384464,38340.1680000024,0.0374075,0.06833125,0.0656775,0.38562626,0.25236812,0.027471176615209394,-0.0566786598676435,0.5384933877216481,0.5303919570520935,0.00468871281303207,0.967825,0.20564706132173557,12.881019999999978,26.81,14.236203030707916,46.04,446.255831,563.9169029999999,198.682,272.661,51.3077,30.6096,415.646231
US-Bi1,2023-10-29 10:39:00.168000002,2023-10-29 18:45:00+00:00,38.0991999999944,-121.49929999999,28.711540000000014,0.19620703,0.2818342,-187.71579025308807,38340.1680000024,0.043051876,0.072408125,0.08644,0.2594425,0.2840894,-0.12117728442136325,-0.10692185369416242,0.3107045651171749,0.35886906038192296,-0.024010194274329155,0.9684,-0.044526611745411546,16.035519999999963,16.61,-5.456287171713987,21.52,336.001292,515.6755479999999,81.8232,106.226,175.634,36.0497,299.951592
US-Bi1,2024-04-22 10:39:00.168000002,2024-04-22 18:45:00+00:00,38.0991999999944,-121.49929999999,29.00120000000004,0.765387,2.6531138,-162.68857334605582,38340.1680000024,0.0269575,0.05443,0.03089,0.4579375,0.19061,0.40334118654958223,0.0046721963937565595,0.699755487609671,0.6286058493778534,0.04422158680006072,0.9751,0.4059350312619818,14.54866000000004,24.2,11.718976981175556,45.59,634.003888,743.788452,379.159,529.998,55.5727,42.9111,591.0927879999999
US-Bi1,2024-05-08 10:39:00.168000002,2024-05-08 18:45:00+00:00,38.0991999999944,-121.49929999999,30.771749999999997,0.4007093,0.89012784,-188.92830851518403,38340.1680000024,0.0556675,0.09381,0.1002725,0.3509075,0.3073475,-0.046689303904923575,-0.046549446081918903,0.40032523245141466,0.4186176959577941,-0.010785167115980099,0.9751,0.06518469745830556,11.842889999999954,21.86,0.8044515164323381,24.7,625.738604,795.1406939999999,197.916,275.286,250.818,35.473,590.265604
US-Bi1,2024-05-24 10:39:00.168000002,2024-05-24 18:45:00+00:00,38.0991999999944,-121.49929999999,27.795530000000042,0.87536967,3.8595798,-162.55615370393707,38340.1680000024,0.03073875,0.060638126,0.03607375,0.51645064,0.20299187,0.37233912487336124,0.018748269132848414,0.7142895742361566,0.6471372730666969,0.04567564549798142,0.9684,0.42972374889420695,14.644990000000007,18.53,9.042861022747905,53.96,661.758211,775.885081,341.336,473.583,115.598,17.4241,644.334111
US-Bi1,2024-06-09 10:39:00.168000002,2024-06-09 18:45:00+00:00,38.0991999999944,-121.49929999999,45.27184,0.1940888,0.41202578,-251.51265943531843,38340.1680000024,0.06688063,0.106625,0.13494313,0.34003812,0.3550325,-0.16210736314847943,-0.08294116614964477,0.2954295796278438,0.36929079815710897,-0.04501151725866315,0.9684,-0.021266493844261974,27.50363999999996,23.51,9.764812347559175,41.72,573.542996,756.753597,124.027,169.127,175.391,61.2281,512.314896
US-Bi1,2024-06-17 10:39:00.168000002,2024-06-17 18:45:00+00:00,38.0991999999944,-121.49929999999,35.51595000000003,0.5636433,1.5038213,-195.36060280678197,38340.1680000024,0.0498375,0.0882275,0.0905375,0.403185,0.2812775,-0.017917046402047714,-0.037946732819017025,0.4830543153906635,0.4893819407568166,-0.003914030173530425,0.9745,0.17554223590186657,14.110770000000002,22.82,3.6839842336645057,28.62,619.567736,773.917774,277.521,372.159,188.917,45.3556,574.212136
US-Bi1,2024-07-03 10:39:00.168000002,2024-07-03 18:45:00+00:00,38.0991999999944,-121.49929999999,49.239300000000014,0.26230592,0.44949666,-251.62405210600173,38340.1680000024,0.068785,0.1123725,0.14144,0.3694975,0.3520075,-0.1570982691762036,-0.07315916448440107,0.31742841225626733,0.38942786771203486,-0.0457574862156791,0.9745,0.023909611007443567,24.039699999999982,33.46,12.449445866898289,27.99,562.581612,748.257919,229.864,314.054,127.898,78.0545,484.52711199999993
US-Bi1,2024-07-11 10:39:00.168000002,2024-07-11 18:45:00+00:00,38.0991999999944,-121.49929999999,48.45233000000002,0.3970923,1.4004936,-231.26391016688746,38340.1680000024,0.05707,0.098615624,0.12219,0.39092687,0.3218675,-0.1439782951570759,-0.07509826321219146,0.3884395614004602,0.4491050263781447,-0.03816488551399988,0.9684,0.09554497498368729,22.834510000000023,31.38,19.23088485818404,48.56,589.191751,738.788452,251.318,341.843,93.3726,73.5089,515.6828509999999
US-Bi1,2024-07-19 10:39:00.168000002,2024-07-19 18:45:00+00:00,38.0991999999944,-121.49929999999,48.17290000000003,0.5699294,1.4480304,-235.81681162890322,38340.1680000024,0.04882,0.085615,0.10272,0.3947425,0.28389,-0.12260330430419675,-0.08131019127075678,0.4420805077973376,0.4885902433735735,-0.028514406741771303,0.9745,0.1609748305518546,22.191059999999993,30.85,14.462543700980312,36.98,590.179076,736.717887,307.877,419.957,108.78,51.4888,538.690276
US-Bi1,2024-08-04 10:39:00.168000002,2024-08-04 18:45:00+00:00,38.0991999999944,-121.49929999999,47.2466,0.19338271,0.32398805,-255.3006124124861,38340.1680000024,0.083525,0.13198,0.1844225,0.37288,0.387785,-0.22519350302197513,-0.09277677294071655,0.2279876997048423,0.34405075154092923,-0.07814936877726719,0.9745,-0.01934043975008597,27.941769999999963,26.69,13.758308527275961,44.95,490.551267,680.480129,59.09,78.8888,236.473,52.3062,438.245067
US-Bi1,2024-08-12 10:39:00.168000002,2024-08-12 18:45:00+00:00,38.0991999999944,-121.49929999999,49.243600000000015,0.16418219,0.32398805,-277.48685984464595,38340.1680000024,0.08010125,0.13052937,0.182305,0.3949625,0.3902875,-0.22246782065225604,-0.08953904928006151,0.25931121889783865,0.3726084436257978,-0.07736790110125025,0.9684,0.005878654511159993,30.352100000000007,25.01,14.111320139083203,50.8,478.822042,678.882919,107.736,144.208,202.853,57.7472,421.074842
US-Bi1,2024-08-28 10:39:00.168000002,2024-08-28 18:45:00+00:00,38.0991999999944,-121.49929999999,45.92130000000003,0.28693622,0.65158266,-238.65463066515758,38340.1680000024,0.06677063,0.1075325,0.14750375,0.3713675,0.34020314,-0.21231306066397038,-0.10266083291550127,0.3056293493475018,0.4043013802231045,-0.06257065516064386,0.9684,0.0431896175820014,25.372330000000034,29.56,12.357849973315803,34.71,486.969006,663.177274,162.334,213.32,148.553,50.5087,436.460306
US-Bi1,2024-09-13 10:39:00.168000002,2024-09-13 18:45:00+00:00,38.0991999999944,-121.49929999999,42.297330000000045,0.17410293,0.28011125,-216.92071878209111,38340.1680000024,0.06457063,0.10572437,0.1395975,0.36373624,0.33908936,-0.18740192321778826,-0.09174794289562574,0.3147083349733923,0.40043819684422266,-0.053554229995401714,0.9684,0.03457631151294227,21.742500000000007,26.48,9.088908462106076,33.4,452.176247,634.6025319999999,148.392,193.919,130.725,44.5905,407.58574699999997
US-Bi1,2024-09-29 10:39:00.168000002,2024-09-29 18:45:00+00:00,38.0991999999944,-121.49929999999,36.27820000000003,0.18002918,0.30953148,-177.12575901206884,38340.1680000024,0.0746975,0.11681375,0.1551625,0.36128187,0.35415938,-0.19438865057691215,-0.09003627157428372,0.2756128902825885,0.3682441448766419,-0.05931989225503709,0.9684,0.009818148609553125,17.28806000000003,21.67,12.388514339962475,55.53,405.668835,573.324306,87.5587,115.718,195.614,37.2131,368.455735
US-Bi1,2024-10-15 10:39:00.168000002,2024-10-15 18:45:00+00:00,38.0991999999944,-121.49929999999,41.70342000000005,0.0093635935,0.07816532,-214.6064023709398,38340.1680000024,0.06651625,0.0908125,0.11686875,0.18722062,0.30509937,-0.18458010129989721,-0.12471988626780078,0.05747664777397862,0.14147388531987257,-0.04256883076074325,0.9684,-0.23466864219359454,23.135400000000004,23.38,13.720629860942879,54.61,415.392104,567.628742,36.9731,49.3389,183.612,77.3755,338.01660400000003
US-Bi1,2024-10-23 10:39:00.168000002,2024-10-23 18:45:00+00:00,38.0991999999944,-121.49929999999,35.71423000000004,0.012244112,0.07816532,-199.38270571599833,38340.1680000024,0.064385,0.0869625,0.11196,0.179445,0.2779775,-0.18580321471708636,-0.1309616009193795,0.051214832823186535,0.13426514858212907,-0.04114575213990779,0.9745,-0.21079965127908906,18.18869000000001,20.75,7.70473567626862,42.93,388.409433,548.3181129999999,40.7257,54.526,172.918,73.5419,314.867533
US-Bi2,2017-04-27 10:38:51.576000001,2017-04-27 18:45:00+00:00,38.1090999999976,-121.535099999996,32.30645000000004,0.044477884,0.11302226,-190.73090781230457,38331.57600000096,0.058885,0.08292,0.09876,0.1597825,0.2453625,-0.1289954802719981,-0.11193220611269539,0.03572441397862528,0.09177407094233911,-0.02656808552751877,0.9752,-0.20614484095918298,18.082750000000033,18.15,6.37515974984402,46.06,695.338416,845.084564,373.581,492.797,229.269,79.0114,616.3270160000001
US-Bi2,2017-05-13 10:38:51.576000001,2017-05-13 18:45:00+00:00,38.1090999999976,-121.535099999996,39.997000000000014,0.044477884,0.11302226,-249.14656731482677,38331.57600000096,0.0607,0.087045,0.1030775,0.172405,0.2813875,-0.12387722382120578,-0.10232231367670665,0.059381072715122926,0.11426724834383585,-0.026703182909733725,0.9752,-0.2349811607561571,26.471249999999998,15.83,0.056924640488114395,34.1,632.767517,838.2063820000001,125.009,160.117,380.234,79.288,553.479517
US-Bi2,2017-06-14 10:38:51.576000001,2017-06-14 18:45:00+00:00,38.1090999999976,-121.535099999996,53.057240000000036,0.15469871,0.33986816,-305.39481129199646,38331.57600000096,0.060205,0.0881175,0.09832,0.216405,0.2708825,-0.08082308438793499,-0.08392244516061964,0.18667489204194937,0.22082519445169205,-0.01709915030487219,0.9752,-0.10954930497951394,32.43139000000002,25.46,10.618383798124881,39.31,639.161755,804.28621,83.6616,110.058,295.38,74.4616,564.700155
US-Bi2,2017-06-30 10:38:51.576000001,2017-06-30 18:45:00+00:00,38.1090999999976,-121.535099999996,41.873500000000035,0.15469871,0.33986816,-222.0024124742589,38331.57600000096,0.06235,0.0904825,0.10591,0.2296325,0.2560875,-0.11509409329130693,-0.09341849834053484,0.19121757004740075,0.2408710806100806,-0.02557316534709353,0.9752,-0.05336681997902048,22.661100000000033,23.26,12.78571506215071,51.75,649.710503,805.6219169999999,216.437,286.973,293.27,20.3567,629.353803
US-Bi2,2017-07-16 10:38:51.576000001,2017-07-16 18:45:00+00:00,38.1090999999976,-121.535099999996,40.58148,0.31242624,1.2295369,-188.85395631465212,38331.57600000096,0.0538525,0.0865225,0.101125,0.241155,0.2503125,-0.1091408498075414,-0.08447248510339987,0.2295044356072193,0.27704192068629985,-0.024389640169312665,0.9752,-0.018261402782832357,14.011019999999974,31.55,14.323874597650718,35.22,673.576216,802.6551260000001,433.442,588.5,0.542292,70.3984,603.177816
US-Bi2,2017-08-01 10:38:51.576000001,2017-08-01 18:45:00+00:00,38.1090999999976,-121.535099999996,37.371939999999995,0.31242624,1.2295369,-173.12971608148655,38331.57600000096,0.0539625,0.0824525,0.093315,0.269095,0.236755,-0.08917942613193217,-0.08938173434663463,0.3049877549041003,0.34028975401415773,-0.01836021187970882,0.9752,0.0626926432102355,14.21578999999997,28.65,16.046768899496165,46.46,626.108262,715.429065,344.537,494.577,69.2388,30.59,595.5182619999999
US-Bi2,2017-08-17 10:38:51.576000001,2017-08-17 18:45:00+00:00,38.1090999999976,-121.535099999996,31.80743000000001,0.41714644,1.5205617,-148.49723681121395,38331.57600000096,0.0472525,0.07038,0.0739825,0.3095475,0.2228675,-0.03709710637421489,-0.09767784740140077,0.4280326620995087,0.4399986044158608,-0.006281377586534798,0.9752,0.15980384023303187,12.010729999999967,24.17,15.662517150963291,59.03,615.070369,698.418697,290.17,434.248,101.276,17.4207,597.649669
US-Bi2,2017-09-02 10:38:51.576000001,2017-09-02 18:45:00+00:00,38.1090999999976,-121.535099999996,37.505240000000015,0.41714644,1.5205617,-130.48629121116716,38331.57600000096,0.0518725,0.07885,0.081655,0.2972825,0.2375525,-0.025821002002163272,-0.07568997223260142,0.38613434358152404,0.3952585170105542,-0.004825699768287395,0.9752,0.10962952086411484,8.62894,31.9,17.090498071818434,41.22,557.413042,645.1961039999999,289.712,428.508,11.9691,21.9922,535.420842
US-Bi2,2017-10-04 10:38:51.576000001,2017-10-04 18:45:00+00:00,38.1090999999976,-121.535099999996,34.25472000000002,0.07923702,0.2060005,-156.53292933386768,38331.57600000096,0.0663925,0.092105,0.11713,0.2202825,0.2856225,-0.17519295727812093,-0.11804803313125015,0.13719872229213045,0.215729019350833,-0.04085497584760445,0.9752,-0.126651224547155,14.94168000000002,19.33,5.132206233881767,39.25,423.526974,587.9893430000001,22.9048,29.3733,270.927,39.0495,384.477474
US-Bi2,2017-10-04 10:38:51.576000001,2017-10-04 18:45:00+00:00,38.1090999999976,-121.535099999996,34.25472000000002,0.07923702,0.2060005,-156.53292933386768,38331.57600000096,0.0663925,0.092105,0.11713,0.2202825,0.2856225,-0.17519295727812093,-0.11804803313125015,0.13719872229213045,0.215729019350833,-0.04085497584760445,0.9752,-0.126651224547155,14.94168000000002,19.33,5.132206233881767,39.25,423.526974,587.9893430000001,22.9048,29.3733,270.927,39.0495,384.477474
US-Bi2,2017-10-04 10:38:51.576000001,2017-10-04 18:45:00+00:00,38.1090999999976,-121.535099999996,34.25472000000002,0.07923702,0.2060005,-156.53292933386768,38331.57600000096,0.0663925,0.092105,0.11713,0.2202825,0.2856225,-0.17519295727812093,-0.11804803313125015,0.13719872229213045,0.215729019350833,-0.04085497584760445,0.9752,-0.126651224547155,14.94168000000002,19.33,5.132206233881767,39.25,423.526974,587.9893430000001,22.9048,29.3733,270.927,39.0495,384.477474
US-Bi2,2017-10-04 10:38:51.576000001,2017-10-04 18:45:00+00:00,38.1090999999976,-121.535099999996,34.25472000000002,0.07923702,0.2060005,-156.53292933386768,38331.57600000096,0.0663925,0.092105,0.11713,0.2202825,0.2856225,-0.17519295727812093,-0.11804803313125015,0.13719872229213045,0.215729019350833,-0.04085497584760445,0.9752,-0.126651224547155,14.94168000000002,19.33,5.132206233881767,39.25,423.526974,587.9893430000001,22.9048,29.3733,270.927,39.0495,384.477474
US-Bi2,2017-10-04 10:38:51.576000001,2017-10-04 18:45:00+00:00,38.1090999999976,-121.535099999996,34.25472000000002,0.093715325,0.21701184,-156.53292933386768,38331.57600000096,0.0663925,0.092105,0.11713,0.2202825,0.2856225,-0.17519295727812093,-0.11804803313125015,0.13719872229213045,0.215729019350833,-0.04085497584760445,0.9752,-0.126651224547155,14.94168000000002,19.33,5.132206233881767,39.25,423.526974,587.9893430000001,22.9048,29.3733,270.927,39.0495,384.477474
US-Bi2,2017-10-04 10:38:51.576000001,2017-10-04 18:45:00+00:00,38.1090999999976,-121.535099999996,34.25472000000002,0.093715325,0.21701184,-156.53292933386768,38331.57600000096,0.0663925,0.092105,0.11713,0.2202825,0.2856225,-0.17519295727812093,-0.11804803313125015,0.13719872229213045,0.215729019350833,-0.04085497584760445,0.9752,-0.126651224547155,14.94168000000002,19.33,5.132206233881767,39.25,423.526974,587.9893430000001,22.9048,29.3733,270.927,39.0495,384.477474
US-Bi2,2017-10-04 10:38:51.576000001,2017-10-04 18:45:00+00:00,38.1090999999976,-121.535099999996,34.25472000000002,0.093715325,0.21701184,-156.53292933386768,38331.57600000096,0.0663925,0.092105,0.11713,0.2202825,0.2856225,-0.17519295727812093,-0.11804803313125015,0.13719872229213045,0.215729019350833,-0.04085497584760445,0.9752,-0.126651224547155,14.94168000000002,19.33,5.132206233881767,39.25,423.526974,587.9893430000001,22.9048,29.3733,270.927,39.0495,384.477474
US-Bi2,2017-10-04 10:38:51.576000001,2017-10-04 18:45:00+00:00,38.1090999999976,-121.535099999996,34.25472000000002,0.093715325,0.21701184,-156.53292933386768,38331.57600000096,0.0663925,0.092105,0.11713,0.2202825,0.2856225,-0.17519295727812093,-0.11804803313125015,0.13719872229213045,0.215729019350833,-0.04085497584760445,0.9752,-0.126651224547155,14.94168000000002,19.33,5.132206233881767,39.25,423.526974,587.9893430000001,22.9048,29.3733,270.927,39.0495,384.477474
US-Bi2,2018-03-29 10:38:51.576000002,2018-03-29 18:45:00+00:00,38.1090999999951,-121.535099999992,32.39532000000003,0.044054642,0.22415306,-180.91029529021955,38331.57600000192,0.06103,0.08138,0.0963125,0.1705625,0.22449,-0.1279974284795886,-0.12045987260286004,0.07652859960552268,0.129768084983068,-0.025140984303098968,0.9752,-0.1331370624795551,18.34062,20.38,7.661252479310864,43.79,616.348486,758.988814,114.859,154.48,163.095,140.365,475.98348599999997
US-Bi2,2018-04-14 10:38:51.576000002,2018-04-14 18:45:00+00:00,38.1090999999951,-121.535099999992,33.54717000000005,0.055372674,0.2000607,-192.77627989809974,38331.57600000192,0.05531,0.0783275,0.08611,0.1839275,0.2214925,-0.07131566287141197,-0.09987789987789986,0.14941217826036007,0.17805959872540075,-0.013303886300836898,0.9752,-0.09042655625631894,18.50445000000002,18.88,7.411485555831678,47.25,635.203839,772.385939,167.532,208.42,122.745,150.636,484.56783900000005
US-Bi2,2018-06-01 10:38:51.576000002,2018-06-01 18:45:00+00:00,38.1090999999951,-121.535099999992,48.501030000000014,0.059980076,0.1881711,-272.58542908264684,38331.57600000192,0.0628725,0.0838,0.103875,0.177245,0.261615,-0.16085414955629895,-0.12787256324029683,0.07057864218410252,0.1396743236509187,-0.03342964932025094,0.9752,-0.18796506705877103,28.20582999999999,21.71,9.489272309256961,45.68,651.913189,850.904087,102.327,139.147,380.54,73.7763,578.136889
US-Bi2,2018-06-17 10:38:51.576000002,2018-06-17 18:45:00+00:00,38.1090999999951,-121.535099999992,17.45858000000004,0.10321174,0.23171379,-83.74117066956853,38331.57600000192,0.3924325,0.4341775,0.44317,0.51104,0.51698,-0.018544487178165276,-0.009833476580817997,0.017795082701825365,0.026991587266100188,-0.009577023965978149,0.9752,-0.005722433093774633,0.7588200000000143,19.03,8.322646425589525,49.81,580.279628,728.677282,117.88,157.484,297.416,76.6564,503.623228
US-Bi2,2018-07-03 10:38:51.576000002,2018-07-03 18:45:00+00:00,38.1090999999951,-121.535099999992,39.73040000000003,0.23963237,0.68664,-212.44445053783045,38331.57600000192,0.068455,0.08864,0.08864,0.245885,0.24605,0.0,-0.0775674796747967,0.27890254209739296,0.27890254209739296,0.0,0.9752,-0.00032872782332373407,21.65753000000001,22.56,12.90973917307433,54.43,639.668305,756.060203,266.526,368.294,206.011,26.2932,613.3751050000001
US-Bi2,2018-07-19 10:38:51.576000002,2018-07-19 18:45:00+00:00,38.1090999999951,-121.535099999992,36.74645000000004,0.3411354,1.2931116,-178.37150226599158,38331.57600000192,0.0585275,0.07654,0.0815725,0.2888125,0.2103825,-0.05053471908419953,-0.10787341919692289,0.37403808413716,0.39068622435160505,-0.008663700945234942,0.9752,0.1540274354618565,16.42691000000002,24.92,15.134060078523824,54.56,668.484465,773.418187,303.004,434.504,148.152,28.1557,640.328765
US-Bi2,2018-08-20 10:38:51.576000002,2018-08-20 18:45:00+00:00,38.1090999999951,-121.535099999992,32.036429999999996,0.32942382,1.3193727,-161.3068326455038,38331.57600000192,0.05245,0.07357,0.078025,0.2928275,0.232795,-0.04493418730142722,-0.10175053034812205,0.39159206610392006,0.4064805864588524,-0.007715252608390122,0.9752,0.11207986968433928,14.709679999999992,22.04,12.674665221237243,55.32,599.193843,708.954571,271.492,390.591,199.634,19.6418,579.552043
US-Bi2,2018-09-05 10:38:51.576000002,2018-09-05 18:45:00+00:00,38.1090999999951,-121.535099999992,33.57964000000004,0.27286273,0.88889503,-175.80662465409023,38331.57600000192,0.046173126,0.066585,0.07715187,0.18683563,0.19822063,-0.10830734417080172,-0.13101354516078298,0.19008323579760342,0.2315288515484263,-0.018352861849444735,0.97505,-0.028818680154568378,14.444510000000037,21.1,12.769839832310158,58.96,579.24549,678.503297,205.187,291.077,225.946,13.074,566.1714900000001
US-Bi2,2018-09-21 10:38:51.576000002,2018-09-21 18:45:00+00:00,38.1090999999951,-121.535099999992,33.57964000000004,0.27286273,0.88889503,-175.80662465409023,38331.57600000192,0.046173126,0.066585,0.07715187,0.18683563,0.19822063,-0.10830734417080172,-0.13101354516078298,0.19008323579760342,0.2315288515484263,-0.018352861849444735,0.97505,-0.028818680154568378,14.444510000000037,26.74,6.4486983320660105,27.47,554.632942,682.122226,151.494,215.109,208.597,19.8235,534.809442
US-Bi2,2018-10-07 10:38:51.576000002,2018-10-07 18:45:00+00:00,38.1090999999951,-121.535099999992,30.723900000000015,0.08997272,0.2463072,-171.32282488963415,38331.57600000192,0.04798125,0.06846187,0.08290625,0.17034937,0.2162125,-0.13971193827610806,-0.13833292994923652,0.12347049001103425,0.17965886646239948,-0.024865744091824404,0.97505,-0.11565189058645503,9.686859999999967,21.34,0.270290493716878,24.53,507.467072,655.057282,34.3916,46.5905,270.257,33.9909,473.47617199999996
US-Bi2,2019-03-16 10:38:51.576000002,2019-03-16 18:45:00+00:00,38.1090999999951,-121.535099999992,24.765440000000012,0.2279316,0.44891703,-161.8197163513692,38331.57600000192,0.051013123,0.073686875,0.07911125,0.19364876,0.207715,-0.05329247819831054,-0.1000024754340348,0.19995509976592205,0.2204665259229396,-0.00937862779301002,0.97505,-0.03419416430849428,15.104589999999973,12.57,5.12033060007499,60.41,576.420934,707.787913,186.767,289.012,68.8865,80.6322,495.788734
US-Bi2,2019-04-17 10:38:51.576000002,2019-04-17 18:45:00+00:00,38.1090999999951,-121.535099999992,30.94607000000002,0.25783756,0.6034471,-165.9925237725309,38331.57600000192,0.0430725,0.0787125,0.0825625,0.243465,0.2055425,-0.03257122311287826,-0.05467483336335788,0.2949318866306321,0.3083273438077261,-0.006614893563849922,0.9752,0.08261847573296732,15.886410000000012,19.69,9.839136586916023,52.96,639.584499,764.629811,227.218,334.202,115.471,63.91,575.6744990000001
US-Bi2,2019-05-03 10:38:51.576000002,2019-05-03 18:45:00+00:00,38.1090999999951,-121.535099999992,35.53390000000002,0.11876678,0.0062923296,-207.68746144408289,38331.57600000192,0.06015,0.0885025,0.10439063,0.2212175,0.24469562,-0.11969078927097773,-0.09586527628976478,0.1779164630967919,0.22994273323696213,-0.02640517803488196,0.97505,-0.049332785782413374,20.25709999999998,22.85,7.373869746877336,36.92,630.568958,792.076906,134.55,194.042,229.05,120.817,509.75195799999995
US-Bi2,2019-06-04 10:38:51.576000002,2019-06-04 18:45:00+00:00,38.1090999999951,-121.535099999992,54.21170000000001,0.12133521,0.0055040717,-286.71678066994093,38331.57600000192,0.06213,0.088365,0.09648438,0.21019,0.25159812,-0.06616216607352478,-0.0827425587470615,0.17861002520001576,0.20606503995065334,-0.01364175513236554,0.97505,-0.08776846691264713,31.32669999999996,28.78,15.515354336642021,44.57,649.592202,821.357982,136.215,184.901,230.96,69.9806,579.6116020000001
US-Bi2,2019-06-20 10:38:51.576000002,2019-06-20 18:45:00+00:00,38.1090999999951,-121.535099999992,40.96087,0.17503563,0.37400323,-216.24543824471846,38331.57600000192,0.059496876,0.08529875,0.09534313,0.21676938,0.23662437,-0.08291204480871528,-0.0912069397776151,0.1972487777348538,0.23140586454104775,-0.01691664896582057,0.97505,-0.042846909350849005,21.893399999999986,21.97,11.518057906391626,51.48,-179.059259,875.2621550000001,135.894,181.078,366.434,56.0394,-235.098659
US-Bi2,2019-07-06 10:38:51.576000002,2019-07-06 18:45:00+00:00,38.1090999999951,-121.535099999992,39.77313000000004,0.19462135,0.5740477,-205.81152606619816,38331.57600000192,0.0533575,0.08084375,0.09054437,0.21907938,0.23091812,-0.08218731715549739,-0.09059429982397944,0.2183810440773169,0.2521571809214212,-0.016467477011565923,0.97505,-0.025736531176799905,19.68888000000004,25.59,12.82422849290029,45.13,702.469018,818.3344099999999,312.746,454.652,155.171,27.0186,675.450418
US-Bi2,2019-07-22 10:38:51.576000002,2019-07-22 18:45:00+00:00,38.1090999999951,-121.535099999992,38.13247000000001,0.29711822,1.2119639,-179.68474414665224,38331.57600000192,0.0502225,0.07577,0.08540188,0.226745,0.2237475,-0.08681328367945812,-0.1010912837233873,0.2522267208266436,0.2864417117002114,-0.016492486487199365,0.97505,0.006509335114035547,15.674530000000004,27.77,14.49185190914915,44.25,700.989866,789.070956,378.04,598.424,66.2489,22.4705,678.519366
US-Bi2,2019-08-07 10:38:51.576000002,2019-08-07 18:45:00+00:00,38.1090999999951,-121.535099999992,33.93002000000001,0.30006114,1.2176266,-169.09537359864146,38331.57600000192,0.051563125,0.073191874,0.08318125,0.23142688,0.22055063,-0.09530937978541526,-0.11584829054220806,0.2694554013373207,0.30521512125103234,-0.017170452389169144,0.97505,0.02354281272263666,15.144319999999993,23.93,14.416182804194234,55.27,673.236287,765.445291,249.698,416.34,104.031,14.1462,659.0900869999999
US-Bi2,2019-08-23 10:38:51.576000002,2019-08-23 18:45:00+00:00,38.1090999999951,-121.535099999992,38.37258000000003,0.3056618,1.150135,-181.9008356592081,38331.57600000192,0.050573125,0.07457375,0.08519562,0.22009,0.21286437,-0.09727321667517053,-0.10934448700749055,0.23894685070563787,0.2771287958191136,-0.018198326087481176,0.97505,0.01631235741053872,17.53108000000003,29.23,15.477269348481974,43.32,651.221825,740.4486539999999,290.453,483.584,58.344,16.0779,635.143925
US-Bi2,2019-09-08 10:38:51.576000002,2019-09-08 18:45:00+00:00,38.1090999999951,-121.535099999992,32.06292000000002,0.28682512,1.0432172,-150.34685938030356,38331.57600000192,0.050635,0.07348063,0.084549375,0.21448688,0.21757375,-0.10306573382998577,-0.1150793837769387,0.22902350072487457,0.2692751442291006,-0.018986688073492464,0.97505,-0.006982910918803195,12.27285999999998,22.44,12.266034166429918,52.56,610.227748,706.500259,176.734,283.823,190.868,11.9816,598.2461480000001
US-Bi2,2019-09-24 10:38:51.576000002,2019-09-24 18:45:00+00:00,38.1090999999951,-121.535099999992,43.336400000000026,0.12084073,0.27862334,-217.63645141868744,38331.57600000192,0.05069,0.07533,0.09722,0.194845,0.2631,-0.17963236500902682,-0.13555383423702552,0.13922792451727004,0.2171156398844382,-0.03686654433849912,0.9752,-0.14586115889687892,18.254500000000007,27.8,8.357502566159507,29.42,550.038356,670.944733,56.3351,81.3927,244.255,34.7277,515.310656
US-Bi2,2019-10-10 10:38:51.576000002,2019-10-10 18:45:00+00:00,38.1090999999951,-121.535099999992,30.358180000000004,0.07167354,0.0002659107,-195.54961412346222,38331.57600000192,0.061133124,0.082624376,0.100465,0.18194063,0.23922312,-0.14628708005883945,-0.12299258651675807,0.09469042386556444,0.15677603375882188,-0.029856163698519178,0.97505,-0.13285553342552572,14.572779999999966,18.25,-10.071392471962348,13.55,496.395979,632.094711,26.7503,36.6418,281.513,43.1946,453.20137900000003
US-Bi2,2019-10-26 10:38:51.576000002,2019-10-26 18:45:00+00:00,38.1090999999951,-121.535099999992,34.84518000000003,0.04782869,0.19427393,-190.5827760221968,38331.57600000192,0.066220626,0.08401313,0.101255625,0.18074438,0.23440374,-0.1448363375790643,-0.12827410869964476,0.08882154986714536,0.1484674662726872,-0.02881337563793085,0.97505,-0.12621333007423385,17.439579999999978,21.23,2.1859777970201923,28.35,402.907063,554.973966,31.507,45.8905,157.373,34.4674,368.439663
US-Bi2,2020-03-02 10:38:51.576000002,2020-03-02 18:45:00+00:00,38.1090999999951,-121.535099999992,18.802700000000016,0.074737,0.22637017,-125.29990460698394,38331.57600000192,0.052676875,0.077915,0.09219438,0.18346,0.24004126,-0.12159648642426564,-0.11132339688946943,0.12671599872232642,0.1783861902850261,-0.024201689043743424,0.97505,-0.13052155834564355,3.6007000000000176,15.22,-6.328934301705041,22.0,506.454438,639.585164,270.524,370.877,39.1321,80.1509,426.303538
US-Bi2,2020-04-03 10:38:51.576000002,2020-04-03 18:45:00+00:00,38.1090999999951,-121.535099999992,25.29095000000001,0.068180904,0.20000638,-169.67564061496512,38331.57600000192,0.0562175,0.0757425,0.08828937,0.15052874,0.23138562,-0.11637474670584264,-0.12434358645479153,0.04237743263398535,0.08971704763767661,-0.021394976889744344,0.97505,-0.2063126240130624,14.747070000000008,13.79,3.1015201584495045,48.4,619.940962,766.731945,326.324,398.396,130.265,105.504,514.436962
US-Bi2,2020-04-19 10:38:51.576000002,2020-04-19 18:45:00+00:00,38.1090999999951,-121.535099999992,31.457899999999995,0.068180904,0.20000638,-191.66607822585723,38331.57600000192,0.07106063,0.0878975,0.10064375,0.17334688,0.26122314,-0.10849661842097873,-0.1154954757413709,0.07007341539475999,0.11389564688686107,-0.021295384484257607,0.97505,-0.19766573553475336,18.704429999999945,15.85,7.906762657914769,59.19,559.184846,703.329197,192.394,238.427,145.111,81.2665,477.918346
US-Bi2,2020-04-19 10:38:51.576000002,2020-04-19 18:45:00+00:00,38.1090999999951,-121.535099999992,31.457899999999995,0.068180904,0.20000638,-191.66607822585723,38331.57600000192,0.07106063,0.0878975,0.10064375,0.17334688,0.26122314,-0.10849661842097873,-0.1154954757413709,0.07007341539475999,0.11389564688686107,-0.021295384484257607,0.97505,-0.19766573553475336,18.704429999999945,15.85,7.906762657914769,59.19,559.184846,703.329197,192.394,238.427,145.111,81.2665,477.918346
US-Bi2,2020-04-19 10:38:51.576000002,2020-04-19 18:45:00+00:00,38.1090999999951,-121.535099999992,31.457899999999995,0.068180904,0.20000638,-191.66607822585723,38331.57600000192,0.07106063,0.0878975,0.10064375,0.17334688,0.26122314,-0.10849661842097873,-0.1154954757413709,0.07007341539475999,0.11389564688686107,-0.021295384484257607,0.97505,-0.19766573553475336,18.704429999999945,15.85,7.906762657914769,59.19,559.184846,703.329197,192.394,238.427,145.111,81.2665,477.918346
US-Bi2,2020-04-19 10:38:51.576000002,2020-04-19 18:45:00+00:00,38.1090999999951,-121.535099999992,31.457899999999995,0.068180904,0.20000638,-191.66607822585723,38331.57600000192,0.07106063,0.0878975,0.10064375,0.17334688,0.26122314,-0.10849661842097873,-0.1154954757413709,0.07007341539475999,0.11389564688686107,-0.021295384484257607,0.97505,-0.19766573553475336,18.704429999999945,15.85,7.906762657914769,59.19,559.184846,703.329197,192.394,238.427,145.111,81.2665,477.918346
US-Bi2,2020-04-19 10:38:51.576000002,2020-04-19 18:45:00+00:00,38.1090999999951,-121.535099999992,31.457899999999995,0.068180904,0.20000638,-191.66607822585723,38331.57600000192,0.07106063,0.0878975,0.10064375,0.17334688,0.26122314,-0.10849661842097873,-0.1154954757413709,0.07007341539475999,0.11389564688686107,-0.021295384484257607,0.97505,-0.19766573553475336,18.704429999999945,15.85,7.906762657914769,59.19,559.184846,703.329197,192.394,238.427,145.111,81.2665,477.918346
US-Bi2,2020-04-19 10:38:51.576000002,2020-04-19 18:45:00+00:00,38.1090999999951,-121.535099999992,31.457899999999995,0.068180904,0.20000638,-191.66607822585723,38331.57600000192,0.07106063,0.0878975,0.10064375,0.17334688,0.26122314,-0.10849661842097873,-0.1154954757413709,0.07007341539475999,0.11389564688686107,-0.021295384484257607,0.97505,-0.19766573553475336,18.704429999999945,15.85,7.906762657914769,59.19,559.184846,703.329197,192.394,238.427,145.111,81.2665,477.918346
US-Bi2,2020-04-19 10:38:51.576000002,2020-04-19 18:45:00+00:00,38.1090999999951,-121.535099999992,31.457899999999995,0.068180904,0.20000638,-191.66607822585723,38331.57600000192,0.07106063,0.0878975,0.10064375,0.17334688,0.26122314,-0.10849661842097873,-0.1154954757413709,0.07007341539475999,0.11389564688686107,-0.021295384484257607,0.97505,-0.19766573553475336,18.704429999999945,15.85,7.906762657914769,59.19,559.184846,703.329197,192.394,238.427,145.111,81.2665,477.918346
US-Bi2,2020-04-19 10:38:51.576000002,2020-04-19 18:45:00+00:00,38.1090999999951,-121.535099999992,31.457899999999995,0.068180904,0.20000638,-191.66607822585723,38331.57600000192,0.07106063,0.0878975,0.10064375,0.17334688,0.26122314,-0.10849661842097873,-0.1154954757413709,0.07007341539475999,0.11389564688686107,-0.021295384484257607,0.97505,-0.19766573553475336,18.704429999999945,15.85,7.906762657914769,59.19,559.184846,703.329197,192.394,238.427,145.111,81.2665,477.918346
US-Bi2,2020-05-05 10:38:51.576000002,2020-05-05 18:45:00+00:00,38.1090999999951,-121.535099999992,41.424860000000024,0.063740365,0.20169294,-238.84747511910325,38331.57600000192,0.05958625,0.0770625,0.092435,0.15767187,0.2409625,-0.1398628438854075,-0.13448477977797035,0.050771480173046314,0.10750149340945375,-0.02605119484223284,0.97505,-0.2038267852995332,26.026790000000005,23.23,0.7317541762904448,22.61,642.945891,829.529171,110.693,152.647,337.255,112.155,530.790891
US-Bi2,2020-05-21 10:38:51.576000002,2020-05-21 18:45:00+00:00,38.1090999999951,-121.535099999992,50.19637,0.103124514,0.3073003,-292.06209051288374,38331.57600000192,0.06158,0.08082312,0.09239375,0.17635125,0.24103813,-0.10364523835180975,-0.1157691350519429,0.10653500447065836,0.1482159139774584,-0.019590701232101826,0.97505,-0.15135350344924342,32.41494,23.91,10.188060574368803,41.9,662.821975,844.508681,111.101,162.272,219.237,155.884,506.93797499999994
US-Bi2,2020-06-06 10:38:51.576000002,2020-06-06 18:45:00+00:00,38.1090999999951,-121.535099999992,39.860280000000046,0.103191055,0.27982494,-239.9139454082159,38331.57600000192,0.062494375,0.08446,0.09915187,0.19419876,0.25483626,-0.12130262436487815,-0.11227019096241714,0.1311979244074781,0.18176530575360292,-0.024619002757442,0.97505,-0.1320977645670694,25.16708,20.83,6.850188723408167,40.29,704.024572,841.026349,216.124,313.45,287.064,109.156,594.8685720000001
US-Bi2,2020-06-22 10:38:51.576000002,2020-06-22 18:45:00+00:00,38.1090999999951,-121.535099999992,39.94830000000002,0.13503648,0.43636405,-197.00397842338566,38331.57600000192,0.057970624,0.081318125,0.097501874,0.19655688,0.24495688,-0.1339166958869253,-0.11636845968137653,0.14257740990365847,0.1989744689443466,-0.027203247224111493,0.97505,-0.10719496123440402,19.53937000000002,27.31,16.343399067192102,51.19,707.193133,808.9168500000001,366.722,532.899,135.244,48.8386,658.354533
US-Bi2,2020-07-08 10:38:51.576000002,2020-07-08 18:45:00+00:00,38.1090999999951,-121.535099999992,38.4341,0.26192728,0.69032264,-189.22625845540585,38331.57600000192,0.062735,0.09731625,0.10466562,0.267005,0.25381187,-0.05277942692715458,-0.05525798508624738,0.26641500420399217,0.2888791004564694,-0.012179806192378018,0.97505,0.024854390931471335,17.052819999999997,26.8,,,690.718915,795.6996889999999,300.938,435.682,90.2841,44.3841,646.334815
US-Bi2,2020-07-24 10:38:51.576000002,2020-07-24 18:45:00+00:00,38.1090999999951,-121.535099999992,34.0505,0.25654945,1.062365,-173.1534097190393,38331.57600000192,0.057695623,0.08314688,0.09400938,0.22948125,0.2318875,-0.09092953355003452,-0.09622652726145166,0.22884608912410997,0.2656560868568028,-0.018339016471176084,0.97505,-0.005104814436680409,16.017579999999953,26.204,,,669.699571,760.927586,259.603,379.615,140.671,23.5018,646.197771
US-Bi2,2020-08-09 10:38:51.576000002,2020-08-09 18:45:00+00:00,38.1090999999951,-121.535099999992,38.86392000000001,0.282299,0.6974481,-184.84625653512398,38331.57600000192,0.05576375,0.08065812,0.09211875,0.22582375,0.23132375,-0.09794311954078312,-0.1017995219025546,0.22749478519062075,0.2669578399597152,-0.01941280274324908,0.97505,-0.011773583290074345,16.799379999999985,28.68,12.794123597790852,37.58,623.872084,735.4863320000001,155.381,218.765,231.735,48.1017,575.7703839999999
US-Bi2,2020-08-25 10:38:51.576000002,2020-08-25 18:45:00+00:00,38.1090999999951,-121.535099999992,34.778530000000046,0.22940582,0.435366,-156.42285177965402,38331.57600000192,0.054354373,0.08717562,0.09242125,0.26570562,0.23847374,-0.04188378645947949,-0.06042241948947797,0.30207364195354247,0.31902701649746706,-0.008866718028419318,0.97505,0.052961830284280545,13.158479999999997,25.4,15.507228294783161,54.31,559.965152,649.391999,81.1255,110.4,328.077,34.8442,525.120952
US-Bi2,2020-09-26 10:38:51.576000002,2020-09-26 18:45:00+00:00,38.1090999999951,-121.535099999992,39.93633,0.112708636,0.26846257,-184.9543156647511,38331.57600000192,0.0705725,0.087863125,0.099915,0.18464938,0.22780375,-0.1028267627940212,-0.11297248013225186,0.10381971924207825,0.14506803387360126,-0.02015562778215363,0.97505,-0.10215185291679575,16.800329999999974,27.21,10.505508378418346,35.19,529.160453,638.088552,83.5567,111.262,310.716,36.0855,493.07495299999994
US-Bi2,2020-10-12 10:38:51.576000002,2020-10-12 18:45:00+00:00,38.1090999999951,-121.535099999992,34.60934000000003,0.0835487,0.2515058,-171.38125142891596,38331.57600000192,0.05119875,0.07386562,0.08774625,0.17973375,0.22970812,-0.1257154041113954,-0.12241362800059773,0.13225242534962828,0.18401925537592517,-0.02369861070493806,0.97505,-0.11914492465904748,14.855639999999994,24.01,5.446775737530581,30.14,484.004457,603.108991,74.4375,106.808,280.518,25.3159,458.688557
US-Bi2,2020-10-28 10:38:51.576000002,2020-10-28 18:45:00+00:00,38.1090999999951,-121.535099999992,31.223780000000033,0.055620775,0.21674834,-188.38205462158118,38331.57600000192,0.0692525,0.0875675,0.10034812,0.19648813,0.23504312,-0.1077050729830801,-0.11264658608716374,0.13303110617762706,0.1763796946035605,-0.0213633721490889,0.97505,-0.08732108995682634,16.510379999999998,18.2,1.883132155106026,33.48,367.404681,496.701193,78.011,117.155,142.697,38.5543,328.85038099999997
US-Bi2,2021-04-06 10:38:51.576000002,2021-04-06 18:45:00+00:00,38.1090999999951,-121.535099999992,31.48696000000001,0.13765897,0.29457647,-198.5803580016788,38331.57600000192,0.05931125,0.08221875,0.09324625,0.200675,0.22742562,-0.09493882031359308,-0.10387062494039434,0.16698226701606828,0.2056399376677994,-0.018642026596011885,0.97505,-0.061060447711760835,19.889399999999966,15.22,6.535278229291496,56.1,626.507076,776.2749239999999,193.201,299.569,182.755,64.4014,562.105676
US-Bi2,2021-05-08 10:38:51.576000002,2021-05-08 18:45:00+00:00,38.1090999999951,-121.535099999992,40.499660000000006,0.07568916,0.19793156,-231.37820249900614,38331.57600000192,0.063709535,0.08463703,0.10396094,0.17528047,0.26108047,-0.15472937906540343,-0.1250732614688562,0.06475348893688677,0.13114277186670648,-0.03216786366348323,0.974975,-0.19222112042330589,17.246980000000008,23.52,-6.99432245753692,12.47,658.630349,834.625453,115.178,173.503,324.023,74.7961,583.834249
US-Bi2,2021-06-09 10:38:51.576000002,2021-06-09 18:45:00+00:00,38.1090999999951,-121.535099999992,37.44457,0.17304808,0.7614294,-229.57634621338798,38331.57600000192,0.064495,0.091121875,0.105415,0.21553876,0.2510206,-0.10824691030780947,-0.09366131734442357,0.16207885317027115,0.20864900047071352,-0.023704377776762597,0.97505,-0.07445418761683746,24.176109999999994,17.39,2.507688755124077,36.84,731.995933,886.96165,170.882,246.676,285.596,23.4127,708.5832330000001
US-Bi2,2021-07-11 10:38:51.576000002,2021-07-11 18:45:00+00:00,38.1090999999951,-121.535099999992,40.130300000000034,0.14333507,0.17448246,-200.72753058696992,38331.57600000192,0.06607625,0.08929312,0.10901062,0.217175,0.25145376,-0.14911800866824287,-0.11519377646928225,0.15461617060216182,0.2184820342419401,-0.03256006305797421,0.97505,-0.07161867999741599,19.073800000000006,26.83,10.73991765212984,36.55,702.868338,810.2920889999999,439.122,728.712,34.1944,26.8514,676.016938
US-Bi2,2021-08-28 10:38:51.576000002,2021-08-28 18:45:00+00:00,38.1090999999951,-121.535099999992,38.0419,0.16654274,0.113127545,-169.5202807491059,38331.57600000192,0.0627625,0.08721,0.09689,0.22037876,0.2306775,-0.07977748016895032,-0.09173398251632187,0.20009531984152418,0.23258214268256086,-0.01625962152207794,0.97505,-0.022337273980403173,13.897039999999947,29.01,11.425338914897038,33.69,581.852798,712.339346,86.9738,131.349,136.206,31.6859,550.1668980000001
US-Bi2,2021-09-13 10:38:51.576000002,2021-09-13 18:45:00+00:00,38.1090999999951,-121.535099999992,42.07943,0.094153516,0.09398042,-209.8798355855405,38331.57600000192,0.063725,0.084301874,0.10394375,0.19999437,0.25093812,-0.1577399419392566,-0.12702173272506712,0.13010924056442413,0.19650982378372167,-0.03270090716059726,0.97505,-0.11052323519220782,20.895629999999983,26.43,10.477002736711269,36.77,534.256477,667.52298,49.5345,66.2545,284.583,138.459,395.797477
US-Bi2,2021-09-29 10:38:51.576000002,2021-09-29 18:45:00+00:00,38.1090999999951,-121.535099999992,35.13485000000003,0.093762256,0.11481382,-189.76945938096463,38331.57600000192,0.057173125,0.0779425,0.100245,0.19420563,0.24532813,-0.18429628711465065,-0.141846082386437,0.127625343579717,0.2056914935374605,-0.03738061293031236,0.97505,-0.11372338308918115,17.256869999999992,21.31,-0.1529866107751474,23.83,472.861489,626.1265649999999,26.0475,34.9422,282.398,87.007,385.854489
US-Bi2,2021-10-15 10:38:51.576000002,2021-10-15 18:45:00+00:00,38.1090999999951,-121.535099999992,35.45870000000002,0.075078584,0.05961402,-206.46205152318595,38331.57600000192,0.061793126,0.08686625,0.10991125,0.18693875,0.25109625,-0.17072346462857987,-0.12131361264345,0.07792273316995814,0.1546378221460446,-0.038035338563401244,0.97505,-0.1431975180510452,18.298299999999983,19.23,0.7580589160486025,28.95,358.198214,514.434358,64.3933,89.0585,224.241,65.6431,292.555114
US-Myb,2016-03-23 10:37:56.400000000,2016-03-23 18:45:00+00:00,38.0498999999991,-121.764999999998,19.60850000000005,0.108463086,0.61505604,-126.82558414907129,38276.40000000048,0.0211275,0.0292675,0.032705,0.06147,0.0607275,-0.08415962786142733,-0.2789813232327898,-0.14728628402982488,-0.12645883293365312,-0.006455456906132584,0.9753,0.005616596380415667,9.115430000000003,16.06,4.099899927083824,44.87,592.253521,,129.233,,117.421,,
US-Myb,2016-05-10 10:37:56.400000000,2016-05-10 18:45:00+00:00,38.0498999999991,-121.764999999998,26.48556000000002,0.21605079,0.42176557,-141.84506421721704,38276.40000000048,0.0251425,0.0437325,0.03969,0.0886675,0.0529175,0.06936341798215506,-0.1352834315797279,-0.005732867975835104,-0.027768640350877193,0.007486258468882179,0.9765,0.23584127717122405,11.92937999999998,20.79,13.053448497064439,61.22,707.746479,,231.073,,194.08,,
US-Myb,2016-05-26 10:37:56.400000000,2016-05-26 18:45:00+00:00,38.0498999999991,-121.764999999998,25.764370000000042,0.21605079,0.42176557,-138.18006896389772,38276.40000000048,0.0333375,0.060315,0.0553925,0.14529,0.07214,0.05976083525555425,-0.069787168414559,0.15915550547006674,0.13683222159190941,0.008855210690752124,0.9788,0.3216374269005848,10.292419999999993,20.35,12.169987228060792,59.36,713.380282,,190.622,,167.751,,
US-Myb,2016-06-27 10:37:56.400000000,2016-06-27 18:45:00+00:00,38.0498999999991,-121.764999999998,31.780079999999998,0.28086528,0.6393396,-139.12589365000179,38276.40000000048,0.02847,0.05619,0.055915,0.12835,0.0825075,0.003288097088539457,-0.08917391040058359,0.09576761359998286,0.09448281742986266,0.0004946553191218506,0.9771,0.20756596447935885,9.260519999999985,29.31,12.524005444076984,35.6,735.915493,,224.538,,99.0765,,
US-Myb,2016-07-13 10:37:56.400000000,2016-07-13 18:45:00+00:00,38.0498999999991,-121.764999999998,31.07253000000003,0.25975257,0.69628847,-139.64081526302994,38276.40000000048,0.025885,0.0523675,0.057125,0.130715,0.08908,-0.056902789821487366,-0.11892994595049328,0.09918432559704003,0.12162002724357256,-0.008546802773828355,0.9774,0.18118322852977647,10.09593000000001,27.38,13.020697387705715,41.14,721.830986,,203.974,,103.198,,
US-Myb,2016-07-29 10:37:56.400000000,2016-07-29 18:45:00+00:00,38.0498999999991,-121.764999999998,28.861080000000015,0.22552408,0.49218935,-135.8151966531821,38276.40000000048,0.02968,0.051075,0.05366,0.1232625,0.0775025,-0.03444140963293581,-0.1324472376746359,0.08638411792572352,0.0989023235081072,-0.004671035186037176,0.9773,0.21711384717576446,9.617430000000013,24.91,14.46283449872504,52.28,681.690141,,236.464,,149.309,,
US-Myb,2016-08-14 10:37:56.400000000,2016-08-14 18:45:00+00:00,38.0498999999991,-121.764999999998,26.53000000000003,0.2571481,0.5231131,-123.8771094609657,38276.40000000048,0.0325125,0.0542375,0.056795,0.1192475,0.071755,-0.03257131940906772,-0.12443372715990837,0.055089197827842135,0.06716334429603775,-0.004595396675070473,0.9772,0.23627815574433153,8.048130000000015,23.14,13.657549408011189,55.18,665.492958,,210.389,,136.096,,
US-Myb,2016-08-30 10:37:56.400000000,2016-08-30 18:45:00+00:00,38.0498999999991,-121.764999999998,25.460170000000005,0.2571481,0.5231131,-116.10255580891021,38276.40000000048,0.0245375,0.0486275,0.0497275,0.144795,0.0645225,-0.014901615470586296,-0.12193029974720118,0.18430819249762292,0.18965995337325023,-0.00200135300014026,0.9786,0.3660104642812362,6.266969999999958,23.62,12.25663834527987,48.91,611.971831,,224.961,,137.852,,
US-Myb,2016-09-15 10:37:56.400000000,2016-09-15 18:45:00+00:00,38.0498999999991,-121.764999999998,25.726770000000045,0.22181565,0.3962101,-131.44483989252137,38276.40000000048,0.0262975,0.053385,0.0570425,0.14342,0.0880075,-0.043474384880542026,-0.1106576152596727,0.14524130358836146,0.16221308320333863,-0.006570318061182467,0.9782,0.22952024935021895,9.371000000000038,22.31,12.680755479760844,54.44,588.732394,,187.803,,145.177,,
US-Myb,2016-10-01 10:37:56.400000000,2016-10-01 18:45:00+00:00,38.0498999999991,-121.764999999998,23.286280000000033,0.22181565,0.3962101,-131.69098623882093,38276.40000000048,0.0313575,0.051075,0.05872,0.1108325,0.073185,-0.09746613545816733,-0.15657801034151783,0.009621844433563679,0.04604603423663627,-0.013702527549565358,0.9761,0.19404177458218974,9.02451000000002,19.08,6.316354897804909,43.28,521.830986,,193.497,,194.023,,
US-Myb,2017-04-27 10:37:56.400000000,2017-04-27 18:45:00+00:00,38.0498999999991,-121.764999999998,23.211080000000038,0.1006792,-0.23458913,-140.98905517772351,38276.40000000048,0.0210175,0.0373525,0.0358675,0.08897,0.0614425,0.028446913461998954,-0.17721240156396287,0.017745048974047297,0.009173531455146076,0.002770692176117917,0.977,0.17160445725863005,10.336999999999989,17.83,9.091501364030362,56.57,685.516135,,250.104,,178.786,,
US-Myb,2017-05-13 10:37:56.400000000,2017-05-13 18:45:00+00:00,38.0498999999991,-121.764999999998,23.214500000000044,0.1006792,-0.23458913,-148.8286866729373,38276.40000000048,0.0332275,0.0533575,0.0552825,0.135995,0.0787675,-0.025526272169733084,-0.12965643796513412,0.12729118960532998,0.13635746440918728,-0.0034678970557108224,0.9785,0.25461320282520433,11.029020000000003,15.47,2.7288091041820945,42.29,746.251548,,194.352,,276.386,,
US-Myb,2017-06-14 10:37:56.400000000,2017-06-14 18:45:00+00:00,38.0498999999991,-121.764999999998,28.324460000000045,0.17528564,0.5590239,-142.82933952162722,38276.40000000048,0.0376825,0.0556125,0.0639175,0.1312925,0.10162,-0.10146919576040808,-0.1536193284504899,0.0708576322335957,0.10839788100715479,-0.014751638210187656,0.9769,0.12215303864560284,9.663700000000006,22.59,12.094917348234786,51.5,735.829555,,220.457,,176.457,,
US-Myb,2017-06-30 10:37:56.400000000,2017-06-30 18:45:00+00:00,38.0498999999991,-121.764999999998,26.635950000000037,0.17528564,0.5590239,-133.5058408828471,38276.40000000048,0.031715,0.0515975,0.05707,0.09876,0.0771175,-0.07111529839836268,-0.14707827093148193,-0.040373123451391914,-0.014162185094144249,-0.009833530498181586,0.9755,0.11643421070328572,9.91561999999999,21.72,12.948044481116519,57.43,764.256413,,197.679,,148.66,,
US-Myb,2017-07-16 10:37:56.400000000,2017-07-16 18:45:00+00:00,38.0498999999991,-121.764999999998,31.831350000000043,0.14734113,0.55616134,-137.43273243391684,38276.40000000048,0.0324575,0.04519,0.0509925,0.086935,0.084405,-0.09105531581012165,-0.1924228208908547,-0.07480278298812049,-0.045326012354152366,-0.010541172510594388,0.9755,0.013951692952465008,7.706080000000043,29.95,13.094459793231811,35.62,723.787862,,194.729,,88.4324,,
US-Myb,2017-08-01 10:37:56.400000000,2017-08-01 18:45:00+00:00,38.0498999999991,-121.764999999998,29.380600000000015,0.14734113,0.55616134,-130.1391034213092,38276.40000000048,0.0336125,0.052615,0.0551175,0.0938375,0.07599,-0.03376281705342684,-0.13731759304804073,-0.05669623784272825,-0.04468001170766473,-0.004510065155930665,0.9753,0.09924789033935298,8.792699999999968,25.74,15.177245343337557,52.11,697.735111,,238.626,,108.411,,
US-Myb,2017-08-17 10:37:56.400000000,2017-08-17 18:45:00+00:00,38.0498999999991,-121.764999999998,25.094420000000014,0.18226248,0.72397083,-115.25639884946634,38276.40000000048,0.0288,0.043485,0.0466475,0.126095,0.05707,-0.051563200586964474,-0.18114091353113557,0.13220422685387842,0.14851079333272613,-0.005788106227676115,0.9785,0.3573369916910413,7.094979999999964,21.16,15.34208378992104,69.41,696.939496,,231.755,,131.696,,
US-Myb,2017-09-02 10:37:56.400000000,2017-09-02 18:45:00+00:00,38.0498999999991,-121.764999999998,32.27570000000003,0.18226248,0.72397083,-103.55626826028902,38276.40000000048,0.02539,0.05102,0.04739,0.144795,0.053605,0.049712407559572735,-0.09225157904101056,0.19573879472304231,0.17808107723287842,0.006627641126365602,0.9785,0.43757197696737044,4.49308000000002,31.78,12.8533247852874,31.59,615.510921,,134.35,,-14.0965,,
US-Myb,2017-10-04 10:37:56.400000000,2017-10-04 18:45:00+00:00,38.0498999999991,-121.764999999998,21.85073,0.24784462,1.2450324,-102.5049521034091,38276.40000000048,0.01329,0.0260775,0.0264075,0.124445,0.0499475,-0.00841944125526216,-0.2646587123949173,0.23916804620305945,0.24120734580907377,-0.0006269104678163773,0.9811,0.40401589001721866,3.900229999999965,19.64,7.045528017423808,43.95,552.096857,,283.314,,81.3633,,
US-Myb,2017-10-04 10:37:56.400000000,2017-10-04 18:45:00+00:00,38.0498999999991,-121.764999999998,21.85073,0.24784462,1.2450324,-102.5049521034091,38276.40000000048,0.01329,0.0260775,0.0264075,0.124445,0.0499475,-0.00841944125526216,-0.2646587123949173,0.23916804620305945,0.24120734580907377,-0.0006269104678163773,0.9811,0.40401589001721866,3.900229999999965,19.64,7.045528017423808,43.95,552.096857,,283.314,,81.3633,,
US-Myb,2017-10-04 10:37:56.400000000,2017-10-04 18:45:00+00:00,38.0498999999991,-121.764999999998,21.85073,0.24784462,1.2450324,-102.5049521034091,38276.40000000048,0.01329,0.0260775,0.0264075,0.124445,0.0499475,-0.00841944125526216,-0.2646587123949173,0.23916804620305945,0.24120734580907377,-0.0006269104678163773,0.9811,0.40401589001721866,3.900229999999965,19.64,7.045528017423808,43.95,552.096857,,283.314,,81.3633,,
US-Myb,2017-10-04 10:37:56.400000000,2017-10-04 18:45:00+00:00,38.0498999999991,-121.764999999998,21.85073,0.24784462,1.2450324,-102.5049521034091,38276.40000000048,0.01329,0.0260775,0.0264075,0.124445,0.0499475,-0.00841944125526216,-0.2646587123949173,0.23916804620305945,0.24120734580907377,-0.0006269104678163773,0.9811,0.40401589001721866,3.900229999999965,19.64,7.045528017423808,43.95,552.096857,,283.314,,81.3633,,
US-Myb,2017-10-04 10:37:56.400000000,2017-10-04 18:45:00+00:00,38.0498999999991,-121.764999999998,21.85073,0.18344292,0.9553742,-102.5049521034091,38276.40000000048,0.01329,0.0260775,0.0264075,0.124445,0.0499475,-0.00841944125526216,-0.2646587123949173,0.23916804620305945,0.24120734580907377,-0.0006269104678163773,0.9811,0.40401589001721866,3.900229999999965,19.64,7.045528017423808,43.95,552.096857,,283.314,,81.3633,,
US-Myb,2017-10-04 10:37:56.400000000,2017-10-04 18:45:00+00:00,38.0498999999991,-121.764999999998,21.85073,0.18344292,0.9553742,-102.5049521034091,38276.40000000048,0.01329,0.0260775,0.0264075,0.124445,0.0499475,-0.00841944125526216,-0.2646587123949173,0.23916804620305945,0.24120734580907377,-0.0006269104678163773,0.9811,0.40401589001721866,3.900229999999965,19.64,7.045528017423808,43.95,552.096857,,283.314,,81.3633,,
US-Myb,2017-10-04 10:37:56.400000000,2017-10-04 18:45:00+00:00,38.0498999999991,-121.764999999998,21.85073,0.18344292,0.9553742,-102.5049521034091,38276.40000000048,0.01329,0.0260775,0.0264075,0.124445,0.0499475,-0.00841944125526216,-0.2646587123949173,0.23916804620305945,0.24120734580907377,-0.0006269104678163773,0.9811,0.40401589001721866,3.900229999999965,19.64,7.045528017423808,43.95,552.096857,,283.314,,81.3633,,
US-Myb,2017-10-04 10:37:56.400000000,2017-10-04 18:45:00+00:00,38.0498999999991,-121.764999999998,21.85073,0.18344292,0.9553742,-102.5049521034091,38276.40000000048,0.01329,0.0260775,0.0264075,0.124445,0.0499475,-0.00841944125526216,-0.2646587123949173,0.23916804620305945,0.24120734580907377,-0.0006269104678163773,0.9811,0.40401589001721866,3.900229999999965,19.64,7.045528017423808,43.95,552.096857,,283.314,,81.3633,,
US-Myb,2018-03-29 10:37:56.400000001,2018-03-29 18:45:00+00:00,38.0498999999983,-121.764999999997,22.424950000000024,0.10375744,0.6647329,-122.5501927077031,38276.400000000714,0.031605,0.03903,0.047115,0.0957625,0.0822875,-0.14823982398239816,-0.24499468033658958,-0.007012222783891364,0.03643275565837359,-0.014796092650030346,0.9767,0.07165647434193034,8.581270000000018,20.72,7.908049428908152,43.61,609.285564,,65.0767,,80.3019,,
US-Myb,2018-04-14 10:37:56.400000001,2018-04-14 18:45:00+00:00,38.0498999999983,-121.764999999997,23.922050000000013,0.20864426,0.8383223,-139.83892558175495,38276.400000000714,0.025225,0.0390025,0.045135,0.1100075,0.102335,-0.10409505622745595,-0.21352053033549265,0.07249838526877657,0.10554745992663675,-0.011259887417357506,0.978,0.034507572776234854,10.442110000000014,19.27,8.772372781630105,50.59,661.989463,,133.721,,183.026,,
US-Myb,2018-06-01 10:37:56.400000001,2018-06-01 18:45:00+00:00,38.0498999999983,-121.764999999997,26.20870000000002,0.21309346,0.6174847,-132.28971402600877,38276.400000000714,0.0267375,0.0363075,0.0408175,0.129065,0.0683725,-0.0895063259737038,-0.23631487616343275,0.17394517526406153,0.19852813149311077,-0.008344438908005736,0.9797,0.2925821030430853,7.642179999999996,20.84,11.12525868936221,53.75,752.057535,,309.286,,296.861,,
US-Myb,2018-06-17 10:37:56.400000001,2018-06-17 18:45:00+00:00,38.0498999999983,-121.764999999997,25.55245000000002,0.227151,0.7330222,-134.44420548412523,38276.400000000714,0.0310275,0.044695,0.0465925,0.1356375,0.082755,-0.03148854961832067,-0.17616699691258475,0.168130732463506,0.17775389925433882,-0.0034725318960435736,0.9791,0.231542191621879,9.966349999999977,18.76,9.639333127631504,55.37,749.162852,,172.346,,117.102,,
US-Myb,2018-07-03 10:37:56.400000001,2018-07-03 18:45:00+00:00,38.0498999999983,-121.764999999997,25.15936000000005,0.21724348,0.6275197,-127.10349245961766,38276.400000000714,0.0361425,0.06235,0.061415,0.158325,0.070655,0.01067077520043374,-0.08395544659008478,0.17390820790390746,0.169853144915489,0.0016651308444287638,0.9782,0.3668507824922588,8.565340000000049,21.02,13.41936854375136,61.82,697.755401,,268.203,,112.114,,
US-Myb,2018-07-19 10:37:56.400000001,2018-07-19 18:45:00+00:00,38.0498999999983,-121.764999999997,26.22580000000005,0.23165242,0.783445,-119.74538734384254,38276.400000000714,0.03111,0.0451625,0.0486,0.175265,0.07566,-0.05486612665097157,-0.17899425091462717,0.2799371953334672,0.2962069316175315,-0.006269410036270906,0.9808,0.38173804733160865,7.5230999999999995,22.19,14.888000671700354,63.3,742.205641,,312.913,,112.736,,
US-Myb,2018-08-20 10:37:56.400000001,2018-08-20 18:45:00+00:00,38.0498999999983,-121.764999999997,24.858580000000018,0.2582399,1.0823661,-123.13484081057123,38276.400000000714,0.024785,0.042,0.04134,0.117295,0.0622125,0.011271454188369924,-0.16052467207995003,0.12440386320607755,0.12085811892305118,0.0012190831769300914,0.9787,0.29066131947284407,8.900879999999972,20.62,13.69560229865669,64.51,684.614783,,281.83,,128.424,,
US-Myb,2018-09-05 10:37:56.400000001,2018-09-05 18:45:00+00:00,38.0498999999983,-121.764999999997,27.56396000000001,0.24546261,0.90609986,-141.34743824733573,38276.400000000714,0.019360624,0.03029875,0.03238875,0.1226025,0.05686375,-0.048237957428548535,-0.2534811603455944,0.19617300738446147,0.20849427985288413,-0.00392663712753305,0.98005,0.3469681275688943,9.94065999999998,17.77,13.219781062210782,74.69,645.220884,,196.963,,162.822,,
US-Myb,2018-09-21 10:37:56.400000001,2018-09-21 18:45:00+00:00,38.0498999999983,-121.764999999997,27.56396000000001,0.24546261,0.90609986,-141.34743824733573,38276.400000000714,0.019360624,0.03029875,0.03238875,0.1226025,0.05686375,-0.048237957428548535,-0.2534811603455944,0.19617300738446147,0.20849427985288413,-0.00392663712753305,0.98005,0.3469681275688943,9.94065999999998,26.4,9.129560290506042,33.65,591.027898,,357.181,,80.621,,
US-Myb,2018-10-07 10:37:56.400000001,2018-10-07 18:45:00+00:00,38.0498999999983,-121.764999999997,21.66873000000004,0.18271479,0.77034885,-120.41298320134979,38276.400000000714,0.019484375,0.031144375,0.03354375,0.11609188,0.057118125,-0.053079114011558744,-0.24643204149606632,0.1630376801976681,0.1771860097424786,-0.004498320361507435,0.978725,0.3218915637276468,1.8445500000000266,21.48,3.106601893244161,29.81,565.041729,,290.643,,-54.1159,,
US-Myb,2019-03-16 10:37:56.400000001,2019-03-16 18:45:00+00:00,38.0498999999983,-121.764999999997,20.23570000000001,0.06751642,0.4847968,-134.25356792454033,38276.400000000714,0.02638,0.03951125,0.045795,0.07643,0.09787312,-0.10663753420589304,-0.21447831111221569,-0.11244012193351723,-0.07883061023103058,-0.011524038231672584,0.9748,-0.11634702657231195,10.502859999999998,14.28,6.3425916832975995,58.82,569.849874,,51.7123,,70.3718,,
US-Myb,2019-04-17 10:37:56.400000001,2019-04-17 18:45:00+00:00,38.0498999999983,-121.764999999997,24.147640000000024,0.08469875,0.46944067,-132.37047876454108,38276.400000000714,0.0251975,0.0375725,0.0416975,0.11009,0.0993375,-0.07628646724305324,-0.2174026244532389,0.09114786594808891,0.11391892746474416,-0.0076193861797652085,0.9784,0.04900251791594034,10.57080000000002,18.84,9.233734976705872,53.61,683.879875,,179.258,,302.462,,
US-Myb,2019-05-03 10:37:56.400000001,2019-05-03 18:45:00+00:00,38.0498999999983,-121.764999999997,25.2414,0.18706678,0.02293921,-147.8039079765108,38276.400000000714,0.030786876,0.047575627,0.04839375,0.1089625,0.08463875,-0.012551267402274073,-0.1516920911998777,0.050969044820206776,0.05513206285636552,-0.0014920494156156483,0.97765,0.11946758676579836,11.646159999999952,21.0,4.5381869255950225,33.96,733.009024,,285.971,,186.497,,
US-Myb,2019-06-04 10:37:56.400000001,2019-06-04 18:45:00+00:00,38.0498999999983,-121.764999999997,28.7611,0.20716786,0.027788768,-122.08409297797147,38276.400000000714,0.02518375,0.04237125,0.042996876,0.108804375,0.074175,-0.010395156377462552,-0.1647822338396266,0.07833201688130262,0.08168546761070082,-0.001152277390086831,0.978025,0.1794459900183633,8.354919999999993,24.73,15.3380693154365,55.91,754.918764,,241.558,,160.467,,
US-Myb,2019-06-20 10:37:56.400000001,2019-06-20 18:45:00+00:00,38.0498999999983,-121.764999999997,25.969449999999995,0.20163912,0.36166155,-127.52014810325522,38276.400000000714,0.036575627,0.0680975,0.06780188,0.14243,0.09208438,0.002976327324240459,-0.06257476726798515,0.09463913491306294,0.09339705021542828,0.0005206069658931778,0.97735,0.2059004464277316,8.646429999999953,19.8,13.656263003785808,67.69,749.387994,,261.681,,195.743,,
US-Myb,2019-07-06 10:37:56.400000001,2019-07-06 18:45:00+00:00,38.0498999999983,-121.764999999997,26.80940000000004,0.19586018,0.5724721,-132.16509071132225,38276.400000000714,0.0347675,0.061875626,0.06393125,0.13843563,0.09051687,-0.02257950449923989,-0.09156725203474207,0.09709824046641938,0.1061079091065725,-0.0036466698406607545,0.977575,0.20053675939778828,9.086659999999995,23.71,14.0548137357726,54.71,728.606105,,311.709,,110.679,,
US-Myb,2019-07-22 10:37:56.400000001,2019-07-22 18:45:00+00:00,38.0498999999983,-121.764999999997,29.968530000000044,0.20642741,0.7493783,-135.97738242467693,38276.400000000714,0.029851874,0.04772,0.050738126,0.12241,0.07782563,-0.04399199653116166,-0.15551033048710342,0.09711878109162339,0.11216099577522375,-0.005482901655441408,0.97755,0.21206857277236973,9.75863000000004,26.14,15.977539997195745,53.57,728.307632,,376.197,,110.939,,
US-Myb,2019-08-07 10:37:56.400000001,2019-08-07 18:45:00+00:00,38.0498999999983,-121.764999999997,27.96813000000003,0.21359108,0.8334601,-139.732638070662,38276.400000000714,0.028504375,0.043656874,0.047410626,0.12702313,0.07746813,-0.059999432573101155,-0.181032122455495,0.13194318237939223,0.15119745964840572,-0.006861337004369861,0.978775,0.23103505476167194,11.159080000000017,23.96,15.471236575986984,59.05,718.406144,,338.015,,129.266,,
US-Myb,2019-08-23 10:37:56.400000001,2019-08-23 18:45:00+00:00,38.0498999999983,-121.764999999997,31.20413000000002,0.20747624,0.7453919,-142.8670196967849,38276.400000000714,0.027913125,0.0432375,0.047479376,0.13224812,0.07347375,-0.06754176195622454,-0.18368792200933162,0.15134776901063682,0.17300713012208938,-0.007753183592971502,0.978925,0.27245438767983976,11.88394999999997,26.62,18.412426175865026,60.75,676.049405,,306.003,,110.711,,
US-Myb,2019-09-08 10:37:56.400000001,2019-09-08 18:45:00+00:00,38.0498999999983,-121.764999999997,26.677819999999997,0.20443031,0.6680943,-123.02209088530657,38276.400000000714,0.02501875,0.042405624,0.04552,0.134895,0.07308875,-0.049507721524995746,-0.17398345433633747,0.17088731202395677,0.18693030952699882,-0.005711711017630461,0.979425,0.2835360433977303,8.233319999999992,21.78,13.616092421254388,59.77,634.366327,,278.602,,191.602,,
US-Myb,2019-09-24 10:37:56.400000001,2019-09-24 18:45:00+00:00,38.0498999999983,-121.764999999997,29.73610000000002,0.21240349,0.79736847,-130.98640907233744,38276.400000000714,0.024345,0.0360325,0.0409275,0.13088,0.063285,-0.09303430580632893,-0.23063988790284912,0.18012240343541136,0.20675387541059176,-0.009055420482787846,0.979,0.3310802537163569,6.5586999999999875,29.84,8.293117873168887,26.03,582.730781,,208.726,,-9.55094,,
US-Myb,2019-10-10 10:37:56.400000001,2019-10-10 18:45:00+00:00,38.0498999999983,-121.764999999997,19.510250000000042,0.1633202,0.022281116,-127.43013685250162,38276.400000000714,0.02804375,0.043959375,0.04888875,0.13257812,0.08149687,-0.07606546625902957,-0.1815849337623123,0.14554726557627878,0.17047396502729045,-0.008987775865605507,0.978075,0.2279649772605144,4.691680000000019,19.44,-7.560650854244115,15.32,555.471738,,168.071,,23.0565,,
US-Myb,2019-10-26 10:37:56.400000001,2019-10-26 18:45:00+00:00,38.0498999999983,-121.764999999997,23.358900000000006,0.14764062,0.58778113,-119.40150586915439,38276.400000000714,0.03128875,0.04743125,0.05229875,0.13242,0.08075438,-0.07111939071831674,-0.16951192821186253,0.1283291172946346,0.15222344886094816,-0.008820467729089287,0.9783,0.23150336521602527,7.27758,21.95,7.811837883391221,40.18,388.167567,,154.466,,167.8,,
US-Myb,2020-03-02 10:37:56.400000001,2020-03-02 18:45:00+00:00,38.0498999999983,-121.764999999997,7.681330000000003,0.017784085,0.31899396,-64.82891655910339,38276.400000000714,0.05509,0.080988124,0.09299875,0.14871375,0.16154937,-0.10101717224289689,-0.1002943974021046,0.01959120709602776,0.06337328294053554,-0.02031749898139157,0.975325,-0.040078358070076855,-5.585140000000024,15.49,-8.719465536710167,17.96,501.552182,,138.058,,58.394,,
US-Myb,2020-04-03 10:37:56.400000001,2020-04-03 18:45:00+00:00,38.0498999999983,-121.764999999997,21.043200000000013,0.06937584,0.4065944,-148.37327205527538,38276.400000000714,0.03728375,0.055145,0.0625975,0.09448375,0.12076688,-0.09262510292541211,-0.1521738085972221,-0.08747170494672984,-0.05340538374357399,-0.01326591740482963,0.97475,-0.11668393557878168,11.536339999999996,14.25,0.7338824543354797,39.65,595.724623,,114.622,,288.236,,
US-Myb,2020-04-19 10:37:56.400000001,2020-04-19 18:45:00+00:00,38.0498999999983,-121.764999999997,22.58987000000002,0.06937584,0.4065944,-141.7615033782168,38276.400000000714,0.0415325,0.058630627,0.066165626,0.11191875,0.13272938,-0.09049554852517887,-0.14706489373084852,-0.018619758505510307,0.014908783895589922,-0.013329315148410514,0.97575,-0.08172308196412048,10.912809999999979,15.87,7.670720534352738,58.17,665.493476,,92.2377,,318.719,,
US-Myb,2020-04-19 10:37:56.400000001,2020-04-19 18:45:00+00:00,38.0498999999983,-121.764999999997,22.58987000000002,0.06937584,0.4065944,-141.7615033782168,38276.400000000714,0.0415325,0.058630627,0.066165626,0.11191875,0.13272938,-0.09049554852517887,-0.14706489373084852,-0.018619758505510307,0.014908783895589922,-0.013329315148410514,0.97575,-0.08172308196412048,10.912809999999979,15.87,7.670720534352738,58.17,665.493476,,92.2377,,318.719,,
US-Myb,2020-04-19 10:37:56.400000001,2020-04-19 18:45:00+00:00,38.0498999999983,-121.764999999997,22.58987000000002,0.06937584,0.4065944,-141.7615033782168,38276.400000000714,0.0415325,0.058630627,0.066165626,0.11191875,0.13272938,-0.09049554852517887,-0.14706489373084852,-0.018619758505510307,0.014908783895589922,-0.013329315148410514,0.97575,-0.08172308196412048,10.912809999999979,15.87,7.670720534352738,58.17,665.493476,,92.2377,,318.719,,
US-Myb,2020-04-19 10:37:56.400000001,2020-04-19 18:45:00+00:00,38.0498999999983,-121.764999999997,22.58987000000002,0.06937584,0.4065944,-141.7615033782168,38276.400000000714,0.0415325,0.058630627,0.066165626,0.11191875,0.13272938,-0.09049554852517887,-0.14706489373084852,-0.018619758505510307,0.014908783895589922,-0.013329315148410514,0.97575,-0.08172308196412048,10.912809999999979,15.87,7.670720534352738,58.17,665.493476,,92.2377,,318.719,,
US-Myb,2020-04-19 10:37:56.400000001,2020-04-19 18:45:00+00:00,38.0498999999983,-121.764999999997,22.58987000000002,0.06937584,0.4065944,-141.7615033782168,38276.400000000714,0.0415325,0.058630627,0.066165626,0.11191875,0.13272938,-0.09049554852517887,-0.14706489373084852,-0.018619758505510307,0.014908783895589922,-0.013329315148410514,0.97575,-0.08172308196412048,10.912809999999979,15.87,7.670720534352738,58.17,665.493476,,92.2377,,318.719,,
US-Myb,2020-04-19 10:37:56.400000001,2020-04-19 18:45:00+00:00,38.0498999999983,-121.764999999997,22.58987000000002,0.06937584,0.4065944,-141.7615033782168,38276.400000000714,0.0415325,0.058630627,0.066165626,0.11191875,0.13272938,-0.09049554852517887,-0.14706489373084852,-0.018619758505510307,0.014908783895589922,-0.013329315148410514,0.97575,-0.08172308196412048,10.912809999999979,15.87,7.670720534352738,58.17,665.493476,,92.2377,,318.719,,
US-Myb,2020-04-19 10:37:56.400000001,2020-04-19 18:45:00+00:00,38.0498999999983,-121.764999999997,22.58987000000002,0.06937584,0.4065944,-141.7615033782168,38276.400000000714,0.0415325,0.058630627,0.066165626,0.11191875,0.13272938,-0.09049554852517887,-0.14706489373084852,-0.018619758505510307,0.014908783895589922,-0.013329315148410514,0.97575,-0.08172308196412048,10.912809999999979,15.87,7.670720534352738,58.17,665.493476,,92.2377,,318.719,,
US-Myb,2020-04-19 10:37:56.400000001,2020-04-19 18:45:00+00:00,38.0498999999983,-121.764999999997,22.58987000000002,0.06937584,0.4065944,-141.7615033782168,38276.400000000714,0.0415325,0.058630627,0.066165626,0.11191875,0.13272938,-0.09049554852517887,-0.14706489373084852,-0.018619758505510307,0.014908783895589922,-0.013329315148410514,0.97575,-0.08172308196412048,10.912809999999979,15.87,7.670720534352738,58.17,665.493476,,92.2377,,318.719,,
US-Myb,2020-05-05 10:37:56.400000001,2020-05-05 18:45:00+00:00,38.0498999999983,-121.764999999997,26.482140000000015,0.07978146,0.46435997,-147.70324724615966,38276.400000000714,0.044578124,0.06292062,0.073274374,0.12361313,0.13811937,-0.11301143555766537,-0.14304444584378584,0.0013721067065427322,0.04520500774202414,-0.018101868739622273,0.97595,-0.0533842657760849,12.627439999999979,21.42,9.352117405668105,46.07,676.252554,,134.487,,266.71,,
US-Myb,2020-05-21 10:37:56.400000001,2020-05-21 18:45:00+00:00,38.0498999999983,-121.764999999997,30.956320000000005,0.10440095,0.596282,-168.19133927904204,38276.400000000714,0.041140623,0.05975125,0.06824875,0.122135,0.1291475,-0.09783054280944242,-0.14301912985467313,0.016166858200689496,0.053404417036370194,-0.01498039335763035,0.976425,-0.026838766469243082,15.147760000000005,22.98,11.387362401116402,48.0,703.717948,,219.156,,346.041,,
US-Myb,2020-06-06 10:37:56.400000001,2020-06-06 18:45:00+00:00,38.0498999999983,-121.764999999997,27.560540000000003,0.1534774,0.4988688,-164.77472676230127,38276.400000000714,0.043271873,0.06337438,0.07049,0.14175625,0.12483688,-0.07854534812686001,-0.12740708530279515,0.08109267530040944,0.1112444632774983,-0.012491864921843288,0.9775,0.061170608250465226,14.064819999999997,20.27,8.757445714285806,47.5,716.61744,,160.974,,310.05,,
US-Myb,2020-06-22 10:37:56.400000001,2020-06-22 18:45:00+00:00,38.0498999999983,-121.764999999997,32.92852000000005,0.15731134,0.48573387,-159.43273137008435,38276.400000000714,0.04619375,0.074993126,0.08127,0.1663275,0.13549313,-0.05702652479832359,-0.08391356797121044,0.11780172884516837,0.14188619105878209,-0.010814728972303955,0.97755,0.09888495831722231,14.424020000000041,25.37,16.194123012931193,56.85,708.9721,,269.809,,232.013,,
US-Myb,2020-07-08 10:37:56.400000001,2020-07-08 18:45:00+00:00,38.0498999999983,-121.764999999997,32.485900000000015,0.18421589,0.65096986,-159.16028700385607,38276.400000000714,0.03918125,0.058410626,0.067733124,0.13985875,0.11801,-0.10720135690671273,-0.14646658378328886,0.08589411481202236,0.12666936416676697,-0.016452334391180434,0.9775,0.08156513217760564,13.507200000000012,26.04,13.81557725794586,46.88,685.088511,,265.519,,197.271,,
US-Myb,2020-07-24 10:37:56.400000001,2020-07-24 18:45:00+00:00,38.0498999999983,-121.764999999997,28.08862000000005,0.14858234,0.486829,-143.1881560122623,38276.400000000714,0.04520375,0.06841375,0.07336375,0.15893,0.11903437,-0.05125616433036938,-0.1039309746394015,0.12599021409436084,0.14608676056338024,-0.008642738733176336,0.977825,0.13854363301959888,11.885919999999999,23.03,13.404493971489215,54.64,683.02987,,285.737,,156.472,,
US-Myb,2020-08-09 10:37:56.400000001,2020-08-09 18:45:00+00:00,38.0498999999983,-121.764999999997,31.654470000000003,0.19619028,0.9653179,-145.55165907629748,38276.400000000714,0.034279376,0.048985,0.054216877,0.13537624,0.10502312,-0.07590956398984994,-0.17138281884138457,0.13005116086035146,0.15527840695842027,-0.00944877783314646,0.978525,0.12121884017594937,11.558929999999975,26.43,15.719632606596054,51.8,676.206701,,355.939,,102.913,,
US-Myb,2020-08-25 10:37:56.400000001,2020-08-25 18:45:00+00:00,38.0498999999983,-121.764999999997,24.24078000000003,0.21674885,1.0392772,-99.79937285724452,38276.400000000714,-0.06696875,0.026868125,0.023045626,0.22778313,0.15767875,0.0327037748790129,0.7968046010502775,0.5143707205969366,0.49536971380603695,0.007305786929758806,0.97785,0.17727215578907374,4.431250000000034,21.63,16.48892849750043,72.57,498.171669,,216.99,,79.7133,,
US-Myb,2020-09-26 10:37:56.400000001,2020-09-26 18:45:00+00:00,38.0498999999983,-121.764999999997,27.471640000000036,0.25136608,0.99472094,-111.98626044792451,38276.400000000714,0.020495,0.034238126,0.03012,0.137755,0.061504375,0.09388583020735913,-0.1900674790674565,0.26453241537578887,0.24107446462103513,0.007764837720345752,0.9803,0.36438331615967023,5.888610000000028,24.87,15.504423820770569,56.04,539.445509,,309.371,,11.023,,
US-Myb,2020-10-12 10:37:56.400000001,2020-10-12 18:45:00+00:00,38.0498999999983,-121.764999999997,24.95684,0.25617152,0.993452,-111.53802010008883,38276.400000000714,0.015593125,0.02276375,0.02308,0.1201,0.051625,-0.010454329456002992,-0.32150092445545614,0.24339993788176822,0.2454388136702724,-0.0006046081513716439,0.980175,0.3768056128765993,6.245999999999981,23.41,8.72104289820757,39.12,508.592061,,157.415,,1.02152,,
US-Myb,2020-10-28 10:37:56.400000001,2020-10-28 18:45:00+00:00,38.0498999999983,-121.764999999997,18.786460000000034,0.21814434,1.0381749,-114.76479010591277,38276.400000000714,0.019456875,0.03205875,0.0306425,0.13594,0.05812875,0.03274992412307953,-0.21911192135400223,0.255318412152413,0.24716311446739947,0.0026685220475353155,0.9803,0.3812991945116535,5.12393000000003,17.43,3.9918428879294026,40.82,387.838827,,33.9902,,22.259,,
US-Myb,2021-04-06 10:37:56.400000001,2021-04-06 18:45:00+00:00,38.0498999999983,-121.764999999997,22.536900000000003,0.065120496,0.4722977,-148.56104430560532,38276.400000000714,0.043601874,0.05823875,0.07330875,0.11503313,0.12931937,-0.1713558784606298,-0.17796484654381642,-0.03472163599615817,0.030430970527950064,-0.026372661111314644,0.97525,-0.05616709094661933,11.968699999999956,15.35,8.289543026948825,62.73,619.481641,,82.5504,,330.508,,
US-Myb,2021-05-08 10:37:56.400000001,2021-05-08 18:45:00+00:00,38.0498999999983,-121.764999999997,27.595150000000046,0.10378152,0.68710697,-143.73319740184775,38276.400000000714,0.044260155,0.0657789,0.07859047,0.15664062,0.15170953,-0.12797593108686342,-0.13564941574793793,0.09834183924340083,0.14999556566284236,-0.022208262857498107,0.97659373,0.01548951681034232,6.362279999999998,24.62,-5.1855620502787545,13.41,,,276.699,,71.2455,,
US-Myb,2021-06-09 10:37:56.400000001,2021-06-09 18:45:00+00:00,38.0498999999983,-121.764999999997,23.721249999999998,0.23045176,1.0021503,-146.34992800402313,38276.400000000714,0.04052875,0.0559425,0.06178625,0.14988938,0.10226625,-0.0756962435233161,-0.15302800908402728,0.14561206941586416,0.17178031135134522,-0.010413892482904696,0.978325,0.18165976446891485,11.464549999999974,17.48,6.645908462792537,48.95,758.325976,,255.136,,215.323,,
US-Myb,2021-07-11 10:37:56.400000001,2021-07-11 18:45:00+00:00,38.0498999999983,-121.764999999997,26.84530000000001,0.32390016,0.36867616,-127.72513202230203,38276.400000000714,0.02760375,0.043546874,0.0437875,0.1567575,0.07353563,-0.004028519775718411,-0.16450824917388063,0.25133209603065315,0.25253504359456375,-0.00044251581856247224,0.980325,0.3463347870161747,8.720339999999965,23.43,14.326911157031372,56.63,757.461529,,409.221,,23.0168,,
US-Myb,2021-08-28 10:37:56.400000001,2021-08-28 18:45:00+00:00,38.0498999999983,-121.764999999997,30.15396000000004,0.29608718,0.29996127,-123.90710354149269,38276.400000000714,0.025245626,0.04952125,0.043753125,0.15563688,0.054780625,0.08478952038350736,-0.09152511696055163,0.24814047780302986,0.21992491479695359,0.010598849090961426,0.9796,0.45756917083332377,7.443090000000041,29.78,10.840289784149611,31.0,610.863595,,144.131,,0.03891,,
US-Myb,2021-09-13 10:37:56.400000001,2021-09-13 18:45:00+00:00,38.0498999999983,-121.764999999997,27.56310000000002,0.28839165,0.55383146,-123.24578033979822,38276.400000000714,0.01880375,0.03112375,0.03122,0.13683376,0.048139375,-0.0022106109324759433,-0.23279693722701966,0.25504609505472414,0.25560032320060916,-0.00018118863134986007,0.9838,0.4549056720045046,8.207100000000025,25.64,14.078656275696277,48.83,628.625736,,364.914,,41.2286,,
US-Myb,2021-09-29 10:37:56.400000001,2021-09-29 18:45:00+00:00,38.0498999999983,-121.764999999997,23.41790000000003,0.25733727,0.12250862,-120.35142248501978,38276.400000000714,0.015125625,0.02889625,0.031845625,0.1269475,0.052140623,-0.06465623544241371,-0.25315198164944963,0.21601226094010514,0.23343555488082582,-0.005547379641202221,0.9805,0.3956191209323073,6.826900000000023,21.14,8.283969186682725,43.6,576.208659,,276.674,,98.6333,,
US-Myb,2021-10-15 10:37:56.400000001,2021-10-15 18:45:00+00:00,38.0498999999983,-121.764999999997,21.95156000000003,0.20777993,0.26906723,-123.85393386753935,38276.400000000714,0.020639375,0.0326225,0.035283126,0.12426625,0.05449875,-0.0562901847239799,-0.23764733820586656,0.18603311899148767,0.20128571514884203,-0.004972123769853232,0.979675,0.3695997669059412,4.537080000000003,19.23,2.364109200657261,32.49,511.248281,,61.0733,,16.8987,,
US-Ton,2016-03-23 10:41:08.160000006,2016-03-23 18:45:00+00:00,38.4308999999824,-120.965999999976,19.946900000000028,0.3199434,0.9094603,-130.83959077084296,38468.16000000576,0.02297,0.04992,0.044475,0.2236925,0.19457,0.0762338116905845,-0.08102262006120997,0.4061304187259855,0.38247131986558,0.009992221125824985,0.9788,0.06800151776071918,7.75663000000003,13.14,1.917915471760975,46.41,437.839,700.505,212.599,248.941,262.321,19.849,417.99
US-Ton,2016-05-10 10:41:08.160000006,2016-05-10 18:45:00+00:00,38.4308999999824,-120.965999999976,30.99734000000001,0.36957166,1.0941795,-150.8722289231756,38468.16000000576,0.0253075,0.055035,0.0535775,0.2491575,0.1849725,0.017495948622531666,-0.07873867464585381,0.4127177626263342,0.40690443755867217,0.0026322020119738943,0.9788,0.1445184968365118,14.07571999999999,20.9,12.922863120802086,60.29,741.722,821.767,239.499,352.701,187.144,33.079,708.643
US-Ton,2016-05-26 10:41:08.160000006,2016-05-26 18:45:00+00:00,38.4308999999824,-120.965999999976,34.63070000000005,0.36957166,1.0941795,-171.46688964601162,38468.16000000576,0.032045,0.0605625,0.0710675,0.231915,0.2167075,-0.10548777426319232,-0.11664159715575001,0.31403114885298844,0.35433714623588414,-0.018436909676944335,0.9788,0.03315907963521199,16.12912,20.05,11.075990933316511,56.25,726.614,831.999,140.18,210.927,301.438,31.111,695.503
US-Ton,2016-06-27 10:41:08.160000006,2016-06-27 18:45:00+00:00,38.4308999999824,-120.965999999976,50.767179999999996,0.09823488,0.29433057,-248.03429398271936,38468.16000000576,0.0425225,0.067025,0.0960375,0.2316125,0.3066875,-0.2406877385100381,-0.16896562412820434,0.226598702502317,0.3286723315764942,-0.049045085805990096,0.9788,-0.13692321721685208,22.925449999999955,33.96,7.002665463015163,18.88,682.01,823.682,112.947,168.166,267.219,44.195,637.8149999999999
US-Ton,2016-07-13 10:41:08.160000006,2016-07-13 18:45:00+00:00,38.4308999999824,-120.965999999976,46.778340000000014,0.077555105,0.25457898,-229.62480319508268,38468.16000000576,0.04288,0.0724425,0.104865,0.231475,0.31326,-0.24118948875788057,-0.15427720865073105,0.19829683698296835,0.3080732091518503,-0.054083968559988316,0.9788,-0.14743075522546803,21.301639999999963,30.01,6.499951074698326,22.8,674.097,812.037,53.277,77.2847,385.432,37.697,636.4
US-Ton,2016-07-29 10:41:08.160000006,2016-07-29 18:45:00+00:00,38.4308999999824,-120.965999999976,47.37650000000002,0.08564987,0.2653735,-232.80599931651432,38468.16000000576,0.04926,0.0790425,0.1105025,0.23615,0.309025,-0.22425776098656305,-0.14048620691998728,0.19071479443593575,0.2932905248601765,-0.05199649784898397,0.9788,-0.13126491646778043,21.435699999999997,31.29,9.363210580500503,25.76,642.442,762.632,33.724,48.4538,339.031,37.469,604.973
US-Ton,2016-08-14 10:41:08.160000006,2016-08-14 18:45:00+00:00,38.4308999999824,-120.965999999976,46.31008000000003,0.08140316,0.25863385,-230.46562244999092,38468.16000000576,0.0541825,0.086385,0.121585,0.24495,0.3175225,-0.22888726326912134,-0.1329799579713327,0.17613165760380284,0.28469718226756,-0.05723551569616703,0.9788,-0.12677028154190811,21.562220000000025,31.83,4.229298810002573,17.55,605.032,738.306,62.369,88.2773,425.494,36.651,568.3810000000001
US-Ton,2016-08-30 10:41:08.160000006,2016-08-30 18:45:00+00:00,38.4308999999824,-120.965999999976,40.62933000000004,0.08140316,0.25863385,-200.92239500290276,38468.16000000576,0.0390575,0.070435,0.107615,0.234335,0.3109775,-0.2674964476500531,-0.1653199226764038,0.19573925245567034,0.32105307664120414,-0.06182767423041824,0.9788,-0.13801688238604395,18.850279999999998,25.2,9.750614774306664,37.67,604.313,,70.414,96.1827,386.811,31.739,572.574
US-Ton,2016-09-15 10:41:08.160000006,2016-09-15 18:45:00+00:00,38.4308999999824,-120.965999999976,37.64880000000005,0.09268545,0.27052057,-192.82121487486796,38468.16000000576,0.0431,0.07313,0.1059375,0.228065,0.3003625,-0.2412892786879218,-0.15284645848869446,0.1878308083931745,0.29879411722832044,-0.054638266878790254,0.9788,-0.13427527382980994,17.64844000000005,23.9,7.005396243280243,33.79,532.371,672.7280000000001,38.101,52.1403,339.355,28.66,503.71099999999996
US-Ton,2016-10-01 10:41:08.160000006,2016-10-01 18:45:00+00:00,38.4308999999824,-120.965999999976,31.052030000000002,0.09268545,0.27052057,-179.92453723405316,38468.16000000576,0.043155,0.072855,0.1141325,0.2451425,0.2843025,-0.2869831227295639,-0.17444174533813983,0.1979353735263576,0.33230524663890376,-0.06801772607359413,0.9788,-0.07259312812242211,15.397400000000005,18.51,4.523311162576463,39.59,477.839,633.844,25.303,34.4582,393.25,20.941,456.898
US-Ton,2017-04-27 10:41:08.160000006,2017-04-27 18:45:00+00:00,38.4308999999824,-120.965999999976,17.81405000000001,0.30419755,0.42426223,-110.8482409255846,38468.16000000576,0.0303675,0.0599575,0.0531375,0.2683525,0.166355,0.08243933395787373,-0.053626390971509716,0.44473606288190803,0.41869102059157837,0.012314914177595226,0.9788,0.22935862336479593,3.846279999999979,16.71,12.076782476875705,74.1,664.025,757.756,169.165,259.748,150.784,23.799,640.226
US-Ton,2017-05-13 10:41:08.160000006,2017-05-13 18:45:00+00:00,38.4308999999824,-120.965999999976,27.55200000000002,0.30419755,0.42426223,-171.23166710362585,38468.16000000576,0.02165,0.050965,0.04992,0.236535,0.191985,0.013188616141856556,-0.08787472035794178,0.40604241280408965,0.40168888888888893,0.0018999480935797397,0.9788,0.10159171759554868,13.987279999999998,15.3,-0.3570279588178978,34.23,733.089,847.8249999999999,225.281,338.764,289.586,21.181,711.908
US-Ton,2017-06-14 10:41:08.160000006,2017-06-14 18:45:00+00:00,38.4308999999824,-120.965999999976,40.89250000000004,0.116894424,0.3091301,-201.65124735213607,38468.16000000576,0.034465,0.057675,0.0802525,0.20447,0.25012,-0.21821916153195606,-0.17627000633775794,0.22172844669838457,0.3100962693619953,-0.03911340942581987,0.9788,-0.09825867969607609,19.440480000000036,25.99,9.489211493050556,35.32,720.859,840.489,150.445,222.466,376.849,33.387,687.472
US-Ton,2017-06-30 10:41:08.160000006,2017-06-30 18:45:00+00:00,38.4308999999824,-120.965999999976,40.92670000000004,0.116894424,0.3091301,-202.58149934334506,38468.16000000576,0.0434575,0.0684275,0.0927925,0.219485,0.2819375,-0.20689947988536248,-0.15287600006189947,0.211695454451353,0.29906410683239004,-0.04135920267254112,0.9788,-0.12211527650817082,19.12043,24.83,10.5294066179239,40.57,708.629,813.403,94.042,137.122,417.554,27.941,680.688
US-Ton,2017-07-16 10:41:08.160000006,2017-07-16 18:45:00+00:00,38.4308999999824,-120.965999999976,48.825739999999996,0.05137163,0.24217637,-236.26822037606354,38468.16000000576,0.0464,0.074065,0.1041225,0.22801,0.2908475,-0.22807550033197382,-0.15027140204071385,0.19335570777151903,0.29523539018674994,-0.050167027554658516,0.9788,-0.11881745082560045,20.10281999999995,33.66,11.189908804474774,25.47,679.852,794.635,43.013,62.1617,412.974,34.242,645.61
US-Ton,2017-08-01 10:41:08.160000006,2017-08-01 18:45:00+00:00,38.4308999999824,-120.965999999976,47.35940000000005,0.05137163,0.24217637,-221.19959612162313,38468.16000000576,0.0540175,0.0801975,0.109705,0.2329325,0.287135,-0.21715053169959886,-0.14254211577913348,0.18650154404507976,0.28291520942912995,-0.0488049952305436,0.9788,-0.10225584477448627,21.05283000000003,32.4,9.786174257216771,24.89,638.845,750.0939999999999,78.551,109.641,373.088,31.735,607.11
US-Ton,2017-08-17 10:41:08.160000006,2017-08-17 18:45:00+00:00,38.4308999999824,-120.965999999976,39.672270000000026,0.05909406,0.25887784,-187.78668269780377,38468.16000000576,0.0506625,0.0801425,0.1102825,0.235765,0.29291,-0.21565155173955816,-0.13646526412197285,0.19058951262159213,0.2886590190143684,-0.049814101922902365,0.9788,-0.10608437369471388,17.524369999999976,25.96,13.060506102066975,44.84,611.507,715.208,69.908,95.8332,396.8,25.356,586.151
US-Ton,2017-09-02 10:41:08.160000006,2017-09-02 18:45:00+00:00,38.4308999999824,-120.965999999976,48.39507000000003,0.05909406,0.25887784,-218.15580171193318,38468.16000000576,0.0603425,0.09073,0.1157,0.234225,0.2906275,-0.17092495935654994,-0.10940423678382334,0.1713446271175845,0.2493499219906388,-0.04085683718076327,0.9788,-0.10545430749599188,18.77476999999999,37.55,5.124485721774022,13.61,468.85,553.2719999999999,46.3,62.8288,256.916,32.664,436.18600000000004
US-Ton,2017-10-04 10:41:08.160000006,2017-10-04 18:45:00+00:00,38.4308999999824,-120.965999999976,30.614530000000002,0.06404716,0.22479157,-136.32963800015636,38468.16000000576,0.046675,0.0755225,0.108825,0.2315025,0.279215,-0.24189652980805898,-0.15272966946668723,0.18619620703127504,0.2968419578460892,-0.05521607342503643,0.9788,-0.09162837815130084,12.09348,20.28,0.20027858935522772,26.05,450.542,612.674,13.295,18.745,355.119,19.362,431.17999999999995
US-Ton,2017-10-04 10:41:08.160000006,2017-10-04 18:45:00+00:00,38.4308999999824,-120.965999999976,30.614530000000002,0.06404716,0.22479157,-136.32963800015636,38468.16000000576,0.046675,0.0755225,0.108825,0.2315025,0.279215,-0.24189652980805898,-0.15272966946668723,0.18619620703127504,0.2968419578460892,-0.05521607342503643,0.9788,-0.09162837815130084,12.09348,20.28,0.20027858935522772,26.05,450.542,612.674,13.295,18.745,355.119,19.362,431.17999999999995
US-Ton,2017-10-04 10:41:08.160000006,2017-10-04 18:45:00+00:00,38.4308999999824,-120.965999999976,30.614530000000002,0.06404716,0.22479157,-136.32963800015636,38468.16000000576,0.046675,0.0755225,0.108825,0.2315025,0.279215,-0.24189652980805898,-0.15272966946668723,0.18619620703127504,0.2968419578460892,-0.05521607342503643,0.9788,-0.09162837815130084,12.09348,20.28,0.20027858935522772,26.05,450.542,612.674,13.295,18.745,355.119,19.362,431.17999999999995
US-Ton,2017-10-04 10:41:08.160000006,2017-10-04 18:45:00+00:00,38.4308999999824,-120.965999999976,30.614530000000002,0.06404716,0.22479157,-136.32963800015636,38468.16000000576,0.046675,0.0755225,0.108825,0.2315025,0.279215,-0.24189652980805898,-0.15272966946668723,0.18619620703127504,0.2968419578460892,-0.05521607342503643,0.9788,-0.09162837815130084,12.09348,20.28,0.20027858935522772,26.05,450.542,612.674,13.295,18.745,355.119,19.362,431.17999999999995
US-Ton,2017-10-04 10:41:08.160000006,2017-10-04 18:45:00+00:00,38.4308999999824,-120.965999999976,30.614530000000002,0.051349938,0.2194643,-136.32963800015636,38468.16000000576,0.046675,0.0755225,0.108825,0.2315025,0.279215,-0.24189652980805898,-0.15272966946668723,0.18619620703127504,0.2968419578460892,-0.05521607342503643,0.9788,-0.09162837815130084,12.09348,20.28,0.20027858935522772,26.05,450.542,612.674,13.295,18.745,355.119,19.362,431.17999999999995
US-Ton,2017-10-04 10:41:08.160000006,2017-10-04 18:45:00+00:00,38.4308999999824,-120.965999999976,30.614530000000002,0.051349938,0.2194643,-136.32963800015636,38468.16000000576,0.046675,0.0755225,0.108825,0.2315025,0.279215,-0.24189652980805898,-0.15272966946668723,0.18619620703127504,0.2968419578460892,-0.05521607342503643,0.9788,-0.09162837815130084,12.09348,20.28,0.20027858935522772,26.05,450.542,612.674,13.295,18.745,355.119,19.362,431.17999999999995
US-Ton,2017-10-04 10:41:08.160000006,2017-10-04 18:45:00+00:00,38.4308999999824,-120.965999999976,30.614530000000002,0.051349938,0.2194643,-136.32963800015636,38468.16000000576,0.046675,0.0755225,0.108825,0.2315025,0.279215,-0.24189652980805898,-0.15272966946668723,0.18619620703127504,0.2968419578460892,-0.05521607342503643,0.9788,-0.09162837815130084,12.09348,20.28,0.20027858935522772,26.05,450.542,612.674,13.295,18.745,355.119,19.362,431.17999999999995
US-Ton,2017-10-04 10:41:08.160000006,2017-10-04 18:45:00+00:00,38.4308999999824,-120.965999999976,30.614530000000002,0.051349938,0.2194643,-136.32963800015636,38468.16000000576,0.046675,0.0755225,0.108825,0.2315025,0.279215,-0.24189652980805898,-0.15272966946668723,0.18619620703127504,0.2968419578460892,-0.05521607342503643,0.9788,-0.09162837815130084,12.09348,20.28,0.20027858935522772,26.05,450.542,612.674,13.295,18.745,355.119,19.362,431.17999999999995
US-Ton,2018-03-29 10:41:08.160000011,2018-03-29 18:45:00+00:00,38.4308999999648,-120.965999999953,14.478049999999996,0.18025112,0.39693105,-81.41610605021839,38468.160000011274,0.03738,0.06488,0.0661175,0.197705,0.18577,-0.013218682404465006,-0.08380184108099528,0.25997976563184605,0.26496792872338726,-0.0021864990986506516,0.9788,0.03033229557151026,0.9955499999999802,19.14,9.903557155079891,55.04,528.437,665.414,138.445,198.596,223.854,33.403,495.034
US-Ton,2018-04-14 10:41:08.160000011,2018-04-14 18:45:00+00:00,38.4308999999648,-120.965999999953,26.32833000000005,0.36367476,1.1027267,-147.01725259230244,38468.160000011274,0.02231,0.0460975,0.0415325,0.2174225,0.192755,0.06988671157379056,-0.10506582539586241,0.4074703435775437,0.3869769073743302,0.008424291158188657,0.9788,0.0587073320203961,12.336530000000039,18.21,8.625251728645475,53.52,637.191,770.3389999999999,304.764,421.917,230.982,29.242,607.9490000000001
US-Ton,2018-06-01 10:41:08.160000011,2018-06-01 18:45:00+00:00,38.4308999999648,-120.965999999953,37.87100000000004,0.15603122,0.43618947,-199.53579040321063,38468.160000011274,0.0302025,0.050415,0.066475,0.2026825,0.2277625,-0.1852631578947369,-0.18523681100572717,0.2701095853927919,0.3374079297915687,-0.028443076064418427,0.9788,-0.05694241051663663,15.987979999999993,22.71,6.83376510299606,35.88,695.569,864.26,126.898,174.141,330.611,23.613,671.9559999999999
US-Ton,2018-06-17 10:41:08.160000011,2018-06-17 18:45:00+00:00,38.4308999999648,-120.965999999953,38.11025000000001,0.11844485,0.33287933,-204.83409476149677,38468.160000011274,0.0462075,0.06631,0.089795,0.21569,0.2780875,-0.21369912873359273,-0.16754152641448747,0.21349705332151847,0.2993373493975904,-0.040053765490649984,0.9788,-0.12385924341599217,20.310879999999997,18.88,7.259254123101392,46.76,697.048,864.515,77.413,106.233,421.73,21.373,675.675
US-Ton,2018-07-03 10:41:08.160000011,2018-07-03 18:45:00+00:00,38.4308999999648,-120.965999999953,40.54388,0.09811402,0.29216832,-212.8744444051124,38468.160000011274,0.0515425,0.0728,0.096065,0.21679,0.2876025,-0.19829955890813777,-0.1515336931739545,0.19491256838130938,0.2767749344798139,-0.03927012670118124,0.9788,-0.13766238815690346,20.693939999999998,23.16,11.460141937392878,47.71,639.889,805.683,52.324,73.5805,324.259,22.07,617.819
US-Ton,2018-07-19 10:41:08.160000011,2018-07-19 18:45:00+00:00,38.4308999999648,-120.965999999953,45.73925000000003,0.071103804,0.24947757,-224.54412468656506,38468.160000011274,0.0510475,0.0749175,0.10052,0.2248475,0.29093,-0.2058244231851435,-0.14721722241589064,0.19801261430464814,0.28570611696424747,-0.042929675122011846,0.9788,-0.12568529463508807,21.42734999999999,29.78,7.252788205747713,24.33,610.024,790.373,13.759,18.8458,512.128,25.952,584.072
US-Ton,2018-08-20 10:41:08.160000011,2018-08-20 18:45:00+00:00,38.4308999999648,-120.965999999953,41.316340000000025,0.07957812,0.23803376,-213.61484085531066,38468.160000011274,0.0525325,0.0798675,0.11207,0.227075,0.2944225,-0.23099960546608814,-0.14657227769058684,0.16704570275861183,0.27233377925015934,-0.053102734336694546,0.9788,-0.12671273148039264,22.01499000000001,26.11,9.198379510378158,34.39,570.944,750.124,78.349,104.857,445.973,24.206,546.7379999999999
US-Ton,2018-09-05 10:41:08.160000011,2018-09-05 18:45:00+00:00,38.4308999999648,-120.965999999953,39.88336000000004,0.09133308,0.26570755,-211.77132687004678,38468.160000011274,0.0493975,0.0794825,0.11596125,0.23205937,0.297365,-0.24977532802108926,-0.15065501454289235,0.16606707461538045,0.28372058262574124,-0.05985893288719368,0.9788,-0.1210654053319838,18.767980000000023,25.8,9.510310725792872,35.77,533.557,690.014,37.794,50.3873,250.342,22.088,511.469
US-Ton,2018-09-21 10:41:08.160000011,2018-09-21 18:45:00+00:00,38.4308999999648,-120.965999999953,39.88336000000004,0.09133308,0.26570755,-211.77132687004678,38468.160000011274,0.0493975,0.0794825,0.11596125,0.23205937,0.297365,-0.24977532802108926,-0.15065501454289235,0.16606707461538045,0.28372058262574124,-0.05985893288719368,0.9788,-0.1210654053319838,18.767980000000023,28.39,4.139307606328508,21.24,478.001,654.9010000000001,22.434,30.6184,352.509,25.629,452.37199999999996
US-Ton,2018-10-07 10:41:08.160000011,2018-10-07 18:45:00+00:00,38.4308999999648,-120.965999999953,29.542140000000018,0.058106497,0.21878466,-172.7273020741066,38468.160000011274,0.039353125,0.06554688,0.09523313,0.19766375,0.28888813,-0.24447839537347926,-0.16945163601820018,0.15290491998644026,0.26217778751634324,-0.05025810006896181,0.9788,-0.18371570761145847,11.483670000000018,21.83,0.2784277889411971,23.82,465.261,627.8689999999999,56.467,82.7393,197.944,10.725,454.536
US-Ton,2019-03-16 10:41:08.160000011,2019-03-16 18:45:00+00:00,38.4308999999648,-120.965999999953,22.899200000000008,0.22121194,0.46720093,-147.47226651717642,38468.160000011274,0.0284975,0.049266875,0.058465626,0.18754375,0.23683062,-0.11609454008841366,-0.16318422839715285,0.26714736225112007,0.3077880221487611,-0.016499509625549802,0.9788,-0.11346634010657669,11.883100000000013,16.1,2.9592841379657915,41.29,522.732,669.313,141.846,201.527,209.754,29.544,493.188
US-Ton,2019-04-17 10:41:08.160000011,2019-04-17 18:45:00+00:00,38.4308999999648,-120.965999999953,25.80880000000002,0.19700612,0.44388932,-133.17865668763403,38468.160000011274,0.0209075,0.0459325,0.0400475,0.22273,0.1872275,0.09043758884321335,-0.09412286756730104,0.4242073039141243,0.3979053073392696,0.010888301305864045,0.9788,0.08453831637725251,9.456099999999992,17.33,8.711002674745949,56.9,650.219,781.528,219.612,326.642,210.25,32.363,617.856
US-Ton,2019-05-03 10:41:08.160000011,2019-05-03 18:45:00+00:00,38.4308999999648,-120.965999999953,14.437040000000025,0.36225718,0.015837515,-74.27914604216676,38468.160000011274,0.038645,0.07695937,0.07559813,0.28473562,0.19810376,0.011949873806649837,-0.03245011729406801,0.3878245208930536,0.38323577850680185,0.002364178033693265,0.9788,0.17578112365939594,-2.0057600000000093,21.1,6.453763993345163,38.56,664.057,797.386,268.684,366.129,187.479,25.73,638.327
US-Ton,2019-06-04 10:41:08.160000011,2019-06-04 18:45:00+00:00,38.4308999999648,-120.965999999953,36.931020000000046,0.2750017,0.012756776,-145.93846509153224,38468.160000011274,0.03222375,0.058314376,0.06476312,0.2178075,0.22317,-0.07097939583030505,-0.1151605423444897,0.3098421021075163,0.33574296009507804,-0.011433314164926767,0.9788,-0.011890837126020744,13.094750000000033,28.24,15.51939339948743,46.0,710.935,822.272,57.957,84.348,179.872,30.432,680.5029999999999
US-Ton,2019-06-20 10:41:08.160000011,2019-06-20 18:45:00+00:00,38.4308999999648,-120.965999999953,37.65478000000002,0.1625357,0.53003335,-175.89770864043436,38468.160000011274,0.034361877,0.0596,0.07731687,0.20141062,0.26017812,-0.17275482628134933,-0.15123517693561916,0.2253956613120491,0.295200916290254,-0.030811636064195458,0.9788,-0.12461599486026743,16.614959999999996,21.77,12.737287881893922,56.47,691.621,767.422,137.377,195.869,389.675,22.889,668.732
US-Ton,2019-07-06 10:41:08.160000011,2019-07-06 18:45:00+00:00,38.4308999999648,-120.965999999953,43.80126000000001,0.11829225,0.34928095,-221.39547100280066,38468.160000011274,0.042900626,0.065725625,0.0912525,0.20918626,0.28656438,-0.22376783523278332,-0.16698715229474517,0.19385344246738007,0.28764917294422765,-0.04345352170615624,0.9788,-0.15299658345464476,21.091979999999978,27.72,9.368827765376158,31.65,,829.474,83.162,111.788,202.93,28.602,
US-Ton,2019-07-22 10:41:08.160000011,2019-07-22 18:45:00+00:00,38.4308999999648,-120.965999999953,47.512350000000026,0.10103025,0.30795315,-229.19144977352755,38468.160000011274,0.043230627,0.068063125,0.09645688,0.2135725,0.29273126,-0.2340992712486331,-0.16439225124554815,0.1864170640740486,0.28799491912245556,-0.04795897199390298,0.9788,-0.1533181939252195,21.808130000000006,31.65,10.627064172302477,27.47,631.332,793.78,157.91,206.544,541.221,31.53,599.802
US-Ton,2019-08-07 10:41:08.160000011,2019-08-07 18:45:00+00:00,38.4308999999648,-120.965999999953,41.977750000000015,0.10448618,0.32754436,-215.84627322643036,38468.160000011274,0.043986876,0.07027,0.09891125,0.21555938,0.2943125,-0.22877425785922303,-0.15702501279052894,0.18286282765774572,0.2837434294760035,-0.04818806074462323,0.9788,-0.15148563142134172,21.125650000000007,26.57,11.451774780206456,38.91,611.886,770.951,67.706,87.1174,353.345,27.736,584.15
US-Ton,2019-08-23 10:41:08.160000011,2019-08-23 18:45:00+00:00,38.4308999999648,-120.965999999953,46.454499999999996,0.09941673,0.31199682,-224.39314464935296,38468.160000011274,0.0445025,0.07082,0.10166813,0.22067438,0.2983825,-0.24102807479245916,-0.1614236650871526,0.1853300338980902,0.29240416782261547,-0.05170046745468537,0.9788,-0.1468804639682599,22.50363999999996,31.83,12.862657722555083,31.52,575.248,731.865,67.301,93.5875,303.355,32.051,543.197
US-Ton,2019-09-08 10:41:08.160000011,2019-09-08 18:45:00+00:00,38.4308999999648,-120.965999999953,36.63280000000003,0.094304025,0.29146153,-177.82266464579027,38468.160000011274,0.04325125,0.071431875,0.10449375,0.22371313,0.28857875,-0.24919563404764475,-0.1611269528454568,0.18301988583602719,0.29634285160812335,-0.05519252427441035,0.9788,-0.12419419578186813,16.0086,21.41,11.585459913368114,53.51,554.917,705.096,34.321,49.8202,295.683,21.192,533.725
US-Ton,2019-09-24 10:41:08.160000011,2019-09-24 18:45:00+00:00,38.4308999999648,-120.965999999953,37.922270000000026,0.12313037,0.3012134,-181.04017452965581,38468.160000011274,0.0362525,0.05894,0.081215,0.1953125,0.2630175,-0.21438367700488434,-0.1737793392267323,0.19630046473880455,0.28388427375288616,-0.03852457936851783,0.9788,-0.1445668652445925,14.873469999999998,28.23,5.671273979498605,23.86,502.667,664.198,101.074,155.832,309.355,26.043,476.62399999999997
US-Ton,2019-10-10 10:41:08.160000011,2019-10-10 18:45:00+00:00,38.4308999999648,-120.965999999953,26.721400000000017,0.07141132,0.0,-188.51753473852568,38468.160000011274,0.05612125,0.0822325,0.10378563,0.20503375,0.27559876,-0.165924924447762,-0.12138165932761835,0.142824281118818,0.21585690830315807,-0.03591064204417893,0.9788,-0.14382457045090635,11.81110000000001,17.74,-2.830817640747483,24.42,426.075,588.198,27.702,41.8343,216.486,17.583,408.49199999999996
US-Ton,2019-10-26 10:41:08.160000011,2019-10-26 18:45:00+00:00,38.4308999999648,-120.965999999953,21.44485000000003,0.06549443,0.25835744,-121.99998698271446,38468.160000011274,0.054244377,0.08419187,0.1105575,0.2134625,0.27220938,-0.187649060983904,-0.1211374721301192,0.14144965509865778,0.22801562943103523,-0.0435114046243219,0.9788,-0.11851969492398882,3.091830000000016,23.59,-0.5333511886981225,20.18,394.372,551.6980000000001,22.431,32.7117,272.569,24.604,369.76800000000003
US-Ton,2020-03-02 10:41:08.160000011,2020-03-02 18:45:00+00:00,38.4308999999648,-120.965999999953,20.71935000000002,0.13753338,0.2836681,-156.70248927394903,38468.160000011274,0.026496874,0.0487375,0.0557775,0.18503438,0.23613624,-0.09023544092817608,-0.15146667603107372,0.2725365965104314,0.3041065238740357,-0.012682880736440638,0.9788,-0.11851888238581747,10.107169999999996,16.44,-10.883956369428256,14.24,457.619,610.298,120.841,174.766,225.382,11.773,445.846
US-Ton,2020-04-03 10:41:08.160000011,2020-04-03 18:45:00+00:00,38.4308999999648,-120.965999999953,22.896630000000016,0.36254466,1.0495546,-159.98258477547017,38468.160000011274,0.026689375,0.05444375,0.052175,0.22220063,0.20563875,0.028384433132374674,-0.0840240481804823,0.37002049136675286,0.36050484015674783,0.004107151258772812,0.9788,0.037826382816456575,13.637789999999995,12.21,3.216713521894139,54.11,591.757,734.152,139.851,201.65,237.496,24.721,567.036
US-Ton,2020-04-19 10:41:08.160000011,2020-04-19 18:45:00+00:00,38.4308999999648,-120.965999999953,25.226860000000045,0.36254466,1.0495546,-151.29415294551745,38468.160000011274,0.0271775,0.051178124,0.04695,0.22708188,0.18468376,0.05959248504988484,-0.09612721527374232,0.40160208927590707,0.3835488773100728,0.007725203889932586,0.9788,0.1005253059495316,12.160860000000014,15.34,8.87014369258787,65.29,,787.572,178.581,257.141,256.361,23.754,
US-Ton,2020-04-19 10:41:08.160000011,2020-04-19 18:45:00+00:00,38.4308999999648,-120.965999999953,25.226860000000045,0.36254466,1.0495546,-151.29415294551745,38468.160000011274,0.0271775,0.051178124,0.04695,0.22708188,0.18468376,0.05959248504988484,-0.09612721527374232,0.40160208927590707,0.3835488773100728,0.007725203889932586,0.9788,0.1005253059495316,12.160860000000014,15.34,8.87014369258787,65.29,,787.572,178.581,257.141,256.361,23.754,
US-Ton,2020-04-19 10:41:08.160000011,2020-04-19 18:45:00+00:00,38.4308999999648,-120.965999999953,25.226860000000045,0.36254466,1.0495546,-151.29415294551745,38468.160000011274,0.0271775,0.051178124,0.04695,0.22708188,0.18468376,0.05959248504988484,-0.09612721527374232,0.40160208927590707,0.3835488773100728,0.007725203889932586,0.9788,0.1005253059495316,12.160860000000014,15.34,8.87014369258787,65.29,,787.572,178.581,257.141,256.361,23.754,
US-Ton,2020-04-19 10:41:08.160000011,2020-04-19 18:45:00+00:00,38.4308999999648,-120.965999999953,25.226860000000045,0.36254466,1.0495546,-151.29415294551745,38468.160000011274,0.0271775,0.051178124,0.04695,0.22708188,0.18468376,0.05959248504988484,-0.09612721527374232,0.40160208927590707,0.3835488773100728,0.007725203889932586,0.9788,0.1005253059495316,12.160860000000014,15.34,8.87014369258787,65.29,,787.572,178.581,257.141,256.361,23.754,
US-Ton,2020-04-19 10:41:08.160000011,2020-04-19 18:45:00+00:00,38.4308999999648,-120.965999999953,25.226860000000045,0.36254466,1.0495546,-151.29415294551745,38468.160000011274,0.0271775,0.051178124,0.04695,0.22708188,0.18468376,0.05959248504988484,-0.09612721527374232,0.40160208927590707,0.3835488773100728,0.007725203889932586,0.9788,0.1005253059495316,12.160860000000014,15.34,8.87014369258787,65.29,,787.572,178.581,257.141,256.361,23.754,
US-Ton,2020-04-19 10:41:08.160000011,2020-04-19 18:45:00+00:00,38.4308999999648,-120.965999999953,25.226860000000045,0.36254466,1.0495546,-151.29415294551745,38468.160000011274,0.0271775,0.051178124,0.04695,0.22708188,0.18468376,0.05959248504988484,-0.09612721527374232,0.40160208927590707,0.3835488773100728,0.007725203889932586,0.9788,0.1005253059495316,12.160860000000014,15.34,8.87014369258787,65.29,,787.572,178.581,257.141,256.361,23.754,
US-Ton,2020-04-19 10:41:08.160000011,2020-04-19 18:45:00+00:00,38.4308999999648,-120.965999999953,25.226860000000045,0.36254466,1.0495546,-151.29415294551745,38468.160000011274,0.0271775,0.051178124,0.04695,0.22708188,0.18468376,0.05959248504988484,-0.09612721527374232,0.40160208927590707,0.3835488773100728,0.007725203889932586,0.9788,0.1005253059495316,12.160860000000014,15.34,8.87014369258787,65.29,,787.572,178.581,257.141,256.361,23.754,
US-Ton,2020-04-19 10:41:08.160000011,2020-04-19 18:45:00+00:00,38.4308999999648,-120.965999999953,25.226860000000045,0.36254466,1.0495546,-151.29415294551745,38468.160000011274,0.0271775,0.051178124,0.04695,0.22708188,0.18468376,0.05959248504988484,-0.09612721527374232,0.40160208927590707,0.3835488773100728,0.007725203889932586,0.9788,0.1005253059495316,12.160860000000014,15.34,8.87014369258787,65.29,,787.572,178.581,257.141,256.361,23.754,
US-Ton,2020-05-05 10:41:08.160000011,2020-05-05 18:45:00+00:00,38.4308999999648,-120.965999999953,34.08468000000005,0.3212602,1.0089015,-186.04037520433877,38468.160000011274,0.025665,0.0475825,0.049706876,0.21699625,0.20216,-0.02965995822427825,-0.136969728364158,0.370344857284421,0.3795989080635612,-0.00386590765592032,0.9788,0.03457074200830116,17.425020000000018,22.44,4.119616920359285,30.2,684.952,840.55,183.114,257.668,176.762,25.503,659.449
US-Ton,2020-05-21 10:41:08.160000011,2020-05-21 18:45:00+00:00,38.4308999999648,-120.965999999953,34.64780000000002,0.20584828,0.6249675,-180.49512196654234,38468.160000011274,0.02922625,0.051095624,0.05982,0.1914075,0.22189125,-0.10679939841380104,-0.1527747647258387,0.2708501049870945,0.30875525281569305,-0.015609889288823897,0.9788,-0.0720147413617451,16.75132000000002,21.83,8.626429177654368,42.78,708.15,855.042,221.792,312.663,240.568,25.892,682.2579999999999
US-Ton,2020-06-06 10:41:08.160000011,2020-06-06 18:45:00+00:00,38.4308999999648,-120.965999999953,38.08975000000004,0.13481314,0.44565585,-229.1412110364618,38468.160000011274,0.038679376,0.061421875,0.083133124,0.19643313,0.27707,-0.20506371896390163,-0.16618941563262277,0.19207065417565483,0.27614056493900435,-0.03742453246064059,0.9788,-0.16677631435395252,22.38697000000002,19.04,5.94568887702517,42.29,686.018,862.364,83.875,124.567,368.593,22.296,663.722
US-Ton,2020-06-22 10:41:08.160000011,2020-06-22 18:45:00+00:00,38.4308999999648,-120.965999999953,47.877250000000004,0.11008409,0.33626598,-238.732967555342,38468.160000011274,0.041470625,0.06545062,0.08985,0.20168562,0.2905175,-0.21434930222038573,-0.16148575949349356,0.1810517450566357,0.2719178356910582,-0.04161870360183084,0.9788,-0.17688436503540633,23.993709999999965,29.19,12.186274835113949,35.06,668.591,839.424,88.479,128.465,398.638,31.626,636.965
US-Ton,2020-07-08 10:41:08.160000011,2020-07-08 18:45:00+00:00,38.4308999999648,-120.965999999953,47.03384,0.09957689,0.28040674,-235.5153750340794,38468.160000011274,0.043890625,0.07185812,0.09906937,0.20816188,0.30522314,-0.21419963409833837,-0.14626442225718725,0.16541808702346167,0.26151069632143503,-0.04575357792186929,0.9788,-0.18544906004378958,22.55863999999997,28.81,6.966972441612578,25.23,640.098,835.1179999999999,30.068,41.2397,276.281,30.503,609.5949999999999
US-Ton,2020-07-24 10:41:08.160000011,2020-07-24 18:45:00+00:00,38.4308999999648,-120.965999999953,43.10653000000002,0.09877681,0.31653336,-223.65416243296391,38468.160000011274,0.049638126,0.07618938,0.10346937,0.2163225,0.307705,-0.20981279093076804,-0.14270238340803815,0.16996893414665934,0.26315326639181097,-0.04554543615941731,0.9788,-0.1711194648215682,22.20431000000002,25.07,10.993724368193345,41.25,625.889,792.806,22.569,30.4841,329.521,26.125,599.764
US-Ton,2020-08-09 10:41:08.160000011,2020-08-09 18:45:00+00:00,38.4308999999648,-120.965999999953,46.45876000000004,0.09449032,0.26214424,-224.66687282073372,38468.160000011274,0.049638126,0.07715875,0.1072575,0.219925,0.30342188,-0.22332073712496553,-0.1455598432488857,0.16614636150934894,0.2672733886273847,-0.04998535042793395,0.9788,-0.15655267356209146,20.748040000000003,29.59,10.632655353121207,30.91,593.101,759.159,12.063,16.8298,340.577,28.423,564.678
US-Ton,2020-08-25 10:41:08.160000011,2020-08-25 18:45:00+00:00,38.4308999999648,-120.965999999953,40.339650000000006,0.06317658,0.21065195,-179.03921423517477,38468.160000011274,0.05950375,0.10241062,0.123874374,0.23229313,0.30298188,-0.12869405147259846,-0.06516870252691657,0.14382922174886742,0.20764681914330183,-0.034634168918945996,0.9788,-0.1296387120326677,16.184169999999995,25.82,13.742859717464073,47.27,491.774,623.261,21.716,30.7062,337.101,20.836,470.938
US-Ton,2020-09-26 10:41:08.160000011,2020-09-26 18:45:00+00:00,38.4308999999648,-120.965999999953,13.100580000000036,0.05868713,0.20276038,-34.12937602051454,38468.160000011274,0.059483126,0.10555937,0.13407688,0.23143375,0.2466,-0.1582959505048606,-0.07134986248070631,0.11397270389929615,0.1960613149918531,-0.04539160403321929,0.9788,-0.03107623192043587,-10.670140000000004,26.24,9.212674914592453,34.16,406.369,550.6600000000001,-7.787,-11.4263,197.711,20.771,385.598
US-Ton,2020-10-12 10:41:08.160000011,2020-10-12 18:45:00+00:00,38.4308999999648,-120.965999999953,34.82638000000003,0.054867182,0.24805744,-187.27012307018822,38468.160000011274,0.0432925,0.07187875,0.10995937,0.22240688,0.2955775,-0.2748597898656053,-0.1714488862361267,0.16331857218046839,0.29199049057028603,-0.06310671810266655,0.9788,-0.13858481949787982,14.281479999999988,24.05,5.2554549717469685,29.67,421.094,583.874,0.004,0.00578222,313.605,18.106,402.988
US-Ton,2020-10-28 10:41:08.160000011,2020-10-28 18:45:00+00:00,38.4308999999648,-120.965999999953,27.97240000000005,0.045319986,0.20436537,-183.81332803406673,38468.160000011274,0.051515,0.07793563,0.11180188,0.21307063,0.28739625,-0.2450125525864058,-0.1555998521512635,0.13676316249489728,0.24965817343059915,-0.05589565072342473,0.9788,-0.14560321719599126,14.32534000000004,19.8,-2.176519256335313,22.54,353.038,516.2909999999999,4.488,6.45089,210.222,14.461,338.577
US-Ton,2021-04-06 10:41:08.160000011,2021-04-06 18:45:00+00:00,38.4308999999648,-120.965999999953,25.76950000000005,0.26032647,0.66479576,-158.56976736788,38468.160000011274,0.02966625,0.053144377,0.05590125,0.21136563,0.23196313,-0.03473034312174055,-0.12105846144462326,0.33241534697854375,0.34409478424004486,-0.004961748935487398,0.9788,-0.04543612013497664,13.134650000000022,14.58,8.231616133016116,65.66,615.53,755.68413,142.23,203.131,267.862,,
US-Ton,2021-05-08 10:41:08.160000011,2021-05-08 18:45:00+00:00,38.4308999999648,-120.965999999953,38.87097,0.17081396,0.5238536,-226.6730206309167,38468.160000011274,0.038528126,0.062423907,0.08233219,0.22206141,0.2803975,-0.1874109315332776,-0.15560107190830366,0.2531908589771372,0.32777971835457276,-0.034348425774521796,0.9788,-0.1138356439153337,16.671209999999974,22.98,-0.748329673645177,20.61,647.9,838.41268,183.503,260.416,241.384,,
US-Ton,2021-06-09 10:41:08.160000011,2021-06-09 18:45:00+00:00,38.4308999999648,-120.965999999953,37.063469999999995,0.12192713,0.33135313,-232.25763664565574,38468.160000011274,0.0515425,0.08039,0.11338312,0.24362312,0.32163376,-0.23196917794494598,-0.14411714150030544,0.19714685455436753,0.30275173234564606,-0.054305826439720706,0.9788,-0.1356100947458464,23.26330999999999,17.15,2.910216067529332,38.49,648.31,833.74564,98.0894,144.296,481.268,,
US-Ton,2021-07-11 10:41:08.160000011,2021-07-11 18:45:00+00:00,38.4308999999648,-120.965999999953,54.339,0.09880847,0.2894201,-283.30746878260896,38468.160000011274,0.053281873,0.08632313,0.12212125,0.25142625,0.33892438,-0.230713725191357,-0.13253848706505844,0.18723991996175166,0.29684926897884406,-0.05816973479603238,0.9788,-0.1457450456910489,28.637999999999977,34.46,3.7278954298506646,14.62,588.65,796.0581500000001,72.4884,99.744,434.204,,
US-Ton,2021-08-28 10:41:08.160000011,2021-08-28 18:45:00+00:00,38.4308999999648,-120.965999999953,46.64590000000004,0.08882597,0.12823729,-221.04056323222358,38468.160000011274,0.06851687,0.10712688,0.13714312,0.2611406,0.321235,-0.17078637518432824,-0.08811453165607522,0.16506840801624473,0.24867752090121856,-0.0475757459444317,0.9788,-0.10144644715278615,19.001340000000027,32.81,4.120326531075425,16.48,454.17,643.39167,11.6298,16.4605,315.745,,
US-Ton,2021-09-13 10:41:08.160000011,2021-09-13 18:45:00+00:00,38.4308999999648,-120.965999999953,45.0625,0.07260285,0.19617279,-215.5635748346677,38468.160000011274,0.051845,0.0795375,0.11603688,0.24055688,0.31572124,-0.2539451572114205,-0.15600426234427656,0.18327875961500248,0.29997586021165734,-0.05988604813241749,0.9788,-0.13273400003517707,19.89785999999998,29.42,5.805067515531247,22.48,478.78,665.17523,29.3896,42.7896,351.577,,
US-Ton,2021-09-29 10:41:08.160000011,2021-09-29 18:45:00+00:00,38.4308999999648,-120.965999999953,31.812550000000044,0.06727329,0.1168035,-179.03690738958716,38468.160000011274,0.05315125,0.08172375,0.1204025,0.2488275,0.3168969,-0.25963248867259603,-0.15531280583719045,0.1870691505855974,0.3077213647307689,-0.06307080744761251,0.9788,-0.1182326126875984,13.346490000000017,20.03,1.384260056609366,28.82,460.05,635.28782,-2.96821,-4.3539,230.621,,
US-Ton,2021-10-15 10:41:08.160000011,2021-10-15 18:45:00+00:00,38.4308999999648,-120.965999999953,33.070370000000025,0.060510144,0.1318484,-208.29048157038568,38468.160000011274,0.05169375,0.08074062,0.11739813,0.23810938,0.31140375,-0.250315886510294,-0.15137863651536929,0.17437716504929834,0.2910905788260811,-0.060020402314859944,0.9788,-0.13099669350029366,17.984100000000012,23.44,-2.820309250266706,17.2,389.37,564.83401,13.0335,18.8271,257.653,,
US-Ton,2022-03-08 10:41:08.160000011,2022-03-08 18:45:00+00:00,38.4308999999648,-120.965999999953,19.933220000000006,0.2606921,0.30457926,-146.70680788656722,38468.160000011274,0.03387375,0.054876875,0.057200626,0.22244813,0.21353813,-0.029714060646528314,-0.12486887535092459,0.349606973793646,0.3591881255756797,-0.004172182247899836,0.9788,0.0199781939470512,10.250639999999976,14.39,0.5739128236728475,38.84,465.23,607.74267,106.293,159.638,233.806,,
US-Ton,2022-04-17 10:41:08.160000011,2022-04-17 18:45:00+00:00,38.4308999999648,-120.965999999953,25.004700000000014,0.3518135,0.31730226,-172.30696612983957,38468.160000011274,0.025438124,0.050490625,0.052401874,0.22603,0.18950312,-0.024675804304146846,-0.11737873224081016,0.3764193910119698,0.3844760954993272,-0.003461021096381467,0.9796,0.0858379249069967,15.382059999999967,14.59,3.047725343948748,45.78,658.97,800.43393,211.175,312.02,242.13,,
US-Ton,2022-05-19 10:41:08.160000011,2022-05-19 18:45:00+00:00,38.4308999999648,-120.965999999953,28.654300000000035,0.23591483,0.25789323,-183.32293972159164,38468.160000011274,0.05223,0.0869075,0.10490625,0.26611814,0.28073436,-0.12894588374363067,-0.08746854092223093,0.2641459560098169,0.3206015379071167,-0.0299052054108484,0.9796,-0.02624792023022257,5.793679999999995,27.21,4.224731381810425,22.89,592.97,755.82968,145.188,207.828,223.904,,
US-Ton,2022-06-28 10:41:08.160000011,2022-06-28 18:45:00+00:00,38.4308999999648,-120.965999999953,51.51998000000003,0.09710765,0.3027437,-284.2173351710923,38468.160000011274,0.042254373,0.07147312,0.10364125,0.22367875,0.31459376,-0.24212050825200607,-0.15626576518970448,0.18561830806742288,0.2961178509622446,-0.053761065631699356,0.9788,-0.16582084336126937,27.74466000000001,31.82,0.6861665432634186,13.64,623.09,827.93337,39.3483,56.2082,276.979,,
US-Ton,2022-07-14 10:41:08.160000011,2022-07-14 18:45:00+00:00,38.4308999999648,-120.965999999953,47.85247000000004,0.09533456,0.26295438,-247.11255976241802,38468.160000011274,0.0461525,0.07627875,0.110894375,0.23575813,0.31964687,-0.24546498074306503,-0.1515258956457357,0.18873889375790026,0.30239841863624506,-0.05722614161612827,0.9788,-0.14836929280781036,24.63574,28.52,11.30761772467226,34.39,622.78,807.49576,37.1511,52.5317,358.562,,
US-Ton,2022-07-22 10:41:08.160000011,2022-07-22 18:45:00+00:00,38.4308999999648,-120.965999999953,48.17718000000002,0.091744065,0.14008501,-258.62905366501735,38468.160000011274,0.044674374,0.07762625,0.11213875,0.23300813,0.32003874,-0.23786857188141156,-0.14240684721839272,0.17934946114214545,0.2922125172868988,-0.056942173961563425,0.9796,-0.15457080864333725,23.904780000000017,29.36,4.845395134911266,21.1,603.93,805.01645,99.4134,140.521,325.947,,
US-Ton,2022-08-07 10:41:08.160000011,2022-08-07 18:45:00+00:00,38.4308999999648,-120.965999999953,45.31286,0.09618946,0.26632124,-246.6672818519878,38468.160000011274,0.040549375,0.07198188,0.107175,0.23415625,0.31943375,-0.25390486611818025,-0.15733825524845926,0.19671633686295179,0.3149743331330459,-0.058533394238724834,0.9796,-0.15131123689206694,25.606899999999996,24.49,10.181192469347463,40.45,606.13,778.32912,88.5654,123.825,329.974,,
US-Ton,2022-08-15 10:41:08.160000011,2022-08-15 18:45:00+00:00,38.4308999999648,-120.965999999953,48.648000000000025,0.092430495,0.1430409,-234.85066218320122,38468.160000011274,0.043601874,0.074065,0.10890062,0.23230687,0.321345,-0.24996185162818452,-0.155069752320217,0.18764019574369603,0.3037329237013011,-0.05777506221907136,0.9788,-0.1579665299433851,21.427700000000016,30.37,5.9353470087646265,21.48,570.51,776.97475,41.9036,58.3064,301.963,,
US-Ton,2022-09-08 10:41:08.160000011,2022-09-08 18:45:00+00:00,38.4308999999648,-120.965999999953,50.58004,0.064011,0.16734646,-228.6082530888175,38468.160000011274,0.05949,0.08729938,0.11990062,0.23435563,0.31286126,-0.2207111231467064,-0.1356269810854929,0.1594409733924955,0.26114608276099927,-0.053109115999533385,0.9796,-0.14088881979151774,19.393639999999948,36.48,7.363121383198274,16.84,469.45,645.5002499999999,42.9042,60.2003,219.974,,
US-Ton,2022-09-24 10:41:08.160000011,2022-09-24 18:45:00+00:00,38.4308999999648,-120.965999999953,43.835440000000006,0.049208436,0.11533878,-221.43696917599004,38468.160000011274,0.039628126,0.06745812,0.10159937,0.20275125,0.30678374,-0.2637828769675481,-0.1726577879147126,0.1443538605915237,0.2663667524782301,-0.057274797296611224,0.9796,-0.20024154677243206,19.20884000000001,29.51,5.588397388117106,22.03,478.93,665.43818,53.8861,78.3785,322.093,,
US-Ton,2022-10-02 10:41:08.160000011,2022-10-02 18:45:00+00:00,38.4308999999648,-120.965999999953,34.24618000000004,0.04966092,0.100878395,-175.1822186816949,38468.160000011274,0.043973126,0.07038,0.103015624,0.20642938,0.30131814,-0.2521634530651696,-0.16648100103997424,0.14860063543962898,0.26330143889994834,-0.05460367370676178,0.9788,-0.18327226367013794,16.063660000000027,20.29,10.120411866350329,52.0,471.26,619.95911,45.4165,66.517,407.722,,
US-Ton,2023-04-20 10:41:08.160000011,2023-04-20 18:45:00+00:00,38.4308999999648,-120.965999999953,25.396900000000016,0.28237334,0.7646884,-155.70568556322752,38468.160000011274,0.0273425,0.05386625,0.055811875,0.21604063,0.21688625,-0.023630415145327426,-0.10553449622359042,0.34248220314457395,0.35064697576994913,-0.0035017369610942373,0.9796,-0.0019091638782455275,10.505400000000009,16.17,-0.4998375350538932,32.04,659.13,800.059,162.23,246.231,207.778,,
US-Ton,2023-05-14 10:41:08.160000011,2023-05-14 18:45:00+00:00,38.4308999999648,-120.965999999953,37.42492000000004,0.26674795,0.96314734,-197.43883484256077,38468.160000011274,0.034609374,0.06595937,0.0700225,0.26235062,0.239505,-0.040081187307452686,-0.07926395160332825,0.3722231311657053,0.3869611003399619,-0.007134224878530215,0.9788,0.044632937702237176,19.47822000000002,27.86,12.664318686758298,39.08,709.97,823.642,292.246,422.48,147.646,,
US-Ton,2023-06-23 10:41:08.160000011,2023-06-23 18:45:00+00:00,38.4308999999648,-120.965999999953,41.162530000000004,0.114215314,0.40327552,-235.67563211732954,38468.160000011274,0.043340623,0.0680975,0.096333124,0.2208875,0.30054125,-0.23317882374119392,-0.1641113101281848,0.20302339010240333,0.30322875643465047,-0.047699558702175016,0.9796,-0.14988603834474518,24.11797999999999,19.55,8.624098865568286,49.22,669.57,834.017,95.6208,137.874,445.412,,
US-Ton,2023-07-09 10:41:08.160000011,2023-07-09 18:45:00+00:00,38.4308999999648,-120.965999999953,48.225900000000024,0.11128081,0.15847252,-283.746897746547,38468.160000011274,0.0398275,0.068984374,0.10328375,0.22735,0.30953375,-0.2589792690798557,-0.16655340803765503,0.1945866597483802,0.3128930713646113,-0.05738769582445491,0.9796,-0.15027645271961362,32.25459999999998,18.84,8.968854311089263,52.66,672.01,844.309,70.3194,97.5017,508.401,,
US-Ton,2023-07-17 10:41:08.160000011,2023-07-17 18:45:00+00:00,38.4308999999648,-120.965999999953,43.47738000000004,0.11128081,0.15847252,-193.33293255718127,38468.160000011274,0.01835,0.03133,0.03962125,0.0861375,0.100114375,-0.1576245811648963,-0.26555071242811623,-0.019821203780750564,0.028707062564378202,-0.01538205300413853,0.9788,-0.07121906478600522,17.503480000000025,31.95,10.012114888574338,25.92,560.34,713.476,76.7738,113.464,252.584,,
US-Ton,2023-07-25 10:41:08.160000011,2023-07-25 18:45:00+00:00,38.4308999999648,-120.965999999953,48.225900000000024,0.104364045,0.36799258,-235.06391333788406,38468.160000011274,0.0398275,0.068984374,0.10328375,0.22735,0.30953375,-0.2589792690798557,-0.16655340803765503,0.1945866597483802,0.3128930713646113,-0.05738769582445491,0.9796,-0.15027645271961362,23.695449999999994,29.2,8.489854724135318,27.37,621.61,819.142,128.766,186.58,329.263,,
US-Ton,2023-08-10 10:41:08.160000011,2023-08-10 18:45:00+00:00,38.4308999999648,-120.965999999953,44.11913000000004,0.10217699,0.2807377,-222.94774575492778,38468.160000011274,0.0404875,0.0698025,0.1036,0.22824375,0.30029374,-0.25427905052100963,-0.16327157487806893,0.19548244537196166,0.31157137880382274,-0.056512028816193105,0.9796,-0.13378825307036654,23.648860000000013,26.8,10.95809243441376,37.15,,,64.9996,91.3614,384.731,,
US-Ton,2023-08-26 10:41:08.160000011,2023-08-26 18:45:00+00:00,38.4308999999648,-120.965999999953,44.549800000000005,0.10217699,0.2807377,-222.70111854155033,38468.160000011274,0.03621125,0.06334,0.09539125,0.2208325,0.29834813,-0.26160014691478944,-0.1781563987576331,0.20599769949382035,0.32166770156131935,-0.05427999287587837,0.9796,-0.14648236463228068,22.328550000000007,26.52,11.231888746414954,38.46,581.3,755.559,34.5762,47.5191,405.737,,
US-Ton,2023-09-11 10:41:08.160000011,2023-09-11 18:45:00+00:00,38.4308999999648,-120.965999999953,42.72885000000002,0.09644433,0.16334778,-210.63820616196887,38468.160000011274,0.034760624,0.059249375,0.0855875,0.19350438,0.2811125,-0.23927163907498988,-0.17950470878213484,0.17599000011790022,0.2782954913309002,-0.04526374598075311,0.9796,-0.1807781024878869,20.913700000000006,27.55,8.062676764337807,29.26,548.52,722.601,72.0846,98.8247,220.069,,
US-Ton,2023-09-19 10:41:08.160000011,2023-09-19 18:45:00+00:00,38.4308999999648,-120.965999999953,36.16796000000005,0.09644433,0.16334778,-178.69099609173549,38468.160000011274,0.04165625,0.06412375,0.089031875,0.19966437,0.27433375,-0.2233925078055371,-0.16974612429369385,0.17901732273412127,0.2726063051717828,-0.04254902449549558,0.9788,-0.15427617776697145,16.57466000000005,21.61,11.528400535013905,52.66,533.86,671.2678,51.1731,72.4292,340.774,,
US-Ton,2023-10-05 10:41:08.160000011,2023-10-05 18:45:00+00:00,38.4308999999648,-120.965999999953,39.647500000000036,0.07996057,0.16878045,-192.08298224151855,38468.160000011274,0.03486375,0.0584725,0.08197125,0.18105374,0.26916376,-0.22256819473385114,-0.17580520121220672,0.1568005480968149,0.25068967842085743,-0.04060097901259152,0.9788,-0.19145299776736,16.387339999999995,28.96,7.877467803563882,26.62,466.22,626.868,30.6249,45.2026,306.354,-2.32724,468.54724000000004
US-Ton,2023-10-29 10:41:08.160000011,2023-10-29 18:45:00+00:00,38.4308999999648,-120.965999999953,21.512350000000026,0.08238501,0.1464385,-163.07378281403993,38468.160000011274,0.030814376,0.051205624,0.06862687,0.15939063,0.23967,-0.19570449692050337,-0.18673628064211278,0.1466230003506973,0.2232764481718145,-0.030748095748597715,0.9796,-0.19625298577377143,12.207389999999975,15.35,-0.7556992732972339,33.14,404.17,552.7392,-20.1403,-31.6239,126.089,-2.32724,406.49724000000003
US-Ton,2024-04-22 10:41:08.160000011,2024-04-22 18:45:00+00:00,38.4308999999648,-120.965999999953,32.98663000000005,0.3394863,1.0107543,-182.0857960902096,38468.160000011274,0.0208525,0.047885,0.0434025,0.2256175,0.1792525,0.06364023567828495,-0.08801333174622071,0.4144411008714188,0.39484238916237124,0.008243477111888664,0.9796,0.1117579000650806,17.37393000000003,24.04,13.198998412981847,50.73,663.3,794.538,374.035,570.845,223.025,15.2101,648.0899
US-Ton,2024-05-08 10:41:08.160000011,2024-05-08 18:45:00+00:00,38.4308999999648,-120.965999999953,27.37423000000001,0.38832435,1.0090903,-174.42489062415353,38468.160000011274,0.025775,0.055365,0.0528625,0.2296875,0.18137,0.030350808040993268,-0.07481174344888099,0.3813712223725756,0.37105379007767436,0.004524475687381901,0.9796,0.11475273567149377,10.8399,21.195,,,,,341.274,494.329,166.971,29.3034,
US-Ton,2024-05-24 10:41:08.160000011,2024-05-24 18:45:00+00:00,38.4308999999648,-120.965999999953,34.32137,0.27805668,0.81054056,-205.03057220764242,38468.160000011274,0.031825,0.0624875,0.07342563,0.22950187,0.23011374,-0.10508527725495696,-0.10804018890063695,0.30056099340516107,0.34215791561006703,-0.019121000330118987,0.9796,-0.001302916655602684,20.502869999999973,19.37,5.572195669590486,40.37,690.38,837.85,189.412,272.089,299.851,11.7911,678.5889
US-Ton,2024-06-09 10:41:08.160000011,2024-06-09 18:45:00+00:00,38.4308999999648,-120.965999999953,42.79122000000001,0.13590625,0.39614758,-226.9556771832756,38468.160000011274,0.036506876,0.062955,0.08942375,0.21443188,0.2906069,-0.22843118943601443,-0.16571866637991928,0.211973821074996,0.309960130350978,-0.0452027361384133,0.9796,-0.14790152306589419,22.472219999999993,23.49,6.564828099722397,33.6,676.85,852.517,103.153,150.834,337.227,16.0006,660.8494000000001
US-Ton,2024-06-17 10:41:08.160000011,2024-06-17 18:45:00+00:00,38.4308999999648,-120.965999999953,39.90472,0.13096103,0.34599778,-241.85614630053277,38468.160000011274,0.03991,0.065595,0.0947725,0.215965,0.29258,-0.2422223605836083,-0.16934839215189665,0.1973526456218164,0.30272047291591264,-0.04942752318512689,0.9788,-0.14774995419876774,18.20071999999999,21.84,2.102936293826304,27.15,668.15,866.933,87.3413,126.116,327.174,14.3089,653.8411
US-Ton,2024-07-03 10:41:08.160000011,2024-07-03 18:45:00+00:00,38.4308999999648,-120.965999999953,50.75010000000003,0.12040053,0.29325923,-240.6792399587107,38468.160000011274,0.0475275,0.070105,0.09656,0.2200625,0.294725,-0.2220543489665303,-0.16116632640088552,0.2004855130277055,0.2938478837631461,-0.04465488078679958,0.9788,-0.14227187194816954,21.60518000000002,35.36,10.35880480860584,21.93,625.2,815.204,201.69,283.549,287.375,28.9835,596.2165
US-Ton,2024-07-11 10:41:08.160000011,2024-07-11 18:45:00+00:00,38.4308999999648,-120.965999999953,54.04934000000003,0.10301194,0.26834688,-249.6357071964395,38468.160000011274,0.050415,0.07768813,0.11061937,0.23102812,0.31603062,-0.23881820983737337,-0.15190091510172615,0.1797758234069112,0.28808282312273276,-0.054440065497477375,0.9796,-0.15259162794932538,22.958860000000016,37.51,8.436690930257098,17.13,599.65,801.975,59.1229,79.1063,394.034,30.6864,568.9635999999999
US-Ton,2024-07-19 10:41:08.160000011,2024-07-19 18:45:00+00:00,38.4308999999648,-120.965999999953,48.84625,0.12456808,0.49121615,-223.37632538976044,38468.160000011274,0.0469775,0.07203,0.1003275,0.2189625,0.30336,-0.22569389057265915,-0.15597674043911947,0.18585664383005226,0.2842657829717663,-0.04749669103114518,0.9788,-0.15854580634859508,20.10269999999997,32.39,8.836348564642599,23.36,609.22,791.913,54.355,81.4052,374.682,24.5891,584.6309
US-Ton,2024-08-04 10:41:08.160000011,2024-08-04 18:45:00+00:00,38.4308999999648,-120.965999999953,46.433130000000006,0.08604948,0.4266961,-231.12740309128372,38468.160000011274,0.0433475,0.0716725,0.1078625,0.23032,0.299235,-0.26573657641119774,-0.1679412575641044,0.18665833725116404,0.3086642471075378,-0.06014190887039761,0.9788,-0.12772562574714344,22.87243000000001,29.73,7.2647430762967,24.42,597.77,772.058,66.7426,93.9386,451.261,19.9401,577.8299
US-Ton,2024-08-12 10:41:08.160000011,2024-08-12 18:45:00+00:00,38.4308999999648,-120.965999999953,44.125969999999995,0.0868754,0.48686165,-232.2474898515062,38468.160000011274,0.041608125,0.07475937,0.11274375,0.242805,0.3267969,-0.2603542362779476,-0.15495249584371396,0.19741461414934697,0.3211563460299484,-0.06267069942157732,0.9796,-0.14491308603370695,22.94930999999997,25.44,9.979018361031414,37.71,596.39,772.392,38.5374,54.3762,312.37,16.7249,579.6650999999999
US-Ton,2024-08-28 10:41:08.160000011,2024-08-28 18:45:00+00:00,38.4308999999648,-120.965999999953,46.63564000000002,0.077200875,0.41750997,-237.80564181762173,38468.160000011274,0.03981375,0.06849625,0.10305,0.22538374,0.30630937,-0.2623023931072439,-0.16938060139833644,0.191139775221945,0.3108278850421044,-0.05783871330961954,0.9796,-0.14939386989803144,21.912840000000017,31.5,4.853035276676116,18.68,548.53,739.1,47.4709,65.3957,377.538,26.4847,522.0453
US-Ton,2024-09-13 10:41:08.160000011,2024-09-13 18:45:00+00:00,38.4308999999648,-120.965999999953,40.68914000000001,0.09364269,0.2881749,-202.68706012576303,38468.160000011274,0.03621125,0.06758188,0.10599937,0.2297425,0.29966813,-0.27966433719152656,-0.1742557252036644,0.19117222094661385,0.3229275756570846,-0.06407005778245811,0.9796,-0.12963339265301463,18.05032,26.74,6.273609072601697,27.14,519.21,692.892,105.335,144.722,282.239,20.552,498.658
US-Ton,2024-09-29 10:41:08.160000011,2024-09-29 18:45:00+00:00,38.4308999999648,-120.965999999953,34.42733000000004,0.080702275,0.3829258,-161.74744262337748,38468.160000011274,0.038033124,0.06811125,0.10498188,0.2277625,0.2927794,-0.27299443478478747,-0.1724970676487694,0.190154640546257,0.31702680530106725,-0.06156458118344521,0.9796,-0.12254809657823447,13.06022999999999,21.62,10.023693367959874,47.61,478.36,635.263,2.51984,3.64563,385.482,14.4225,463.9375
US-Ton,2024-10-15 10:41:08.160000011,2024-10-15 18:45:00+00:00,38.4308999999648,-120.965999999953,33.653160000000014,0.08017279,0.33854896,-161.2940482108874,38468.160000011274,0.03964875,0.06826937,0.10474812,0.22449687,0.27979937,-0.2735179922971456,-0.17483198619816107,0.1839147565271726,0.30991237643473873,-0.06092660652893245,0.9796,-0.1075304380992558,14.389830000000018,23.04,11.704335505499243,48.84,415.95,551.9093,27.5569,41.7233,255.287,12.515,403.435
US-Ton,2024-10-23 10:41:08.160000011,2024-10-23 18:45:00+00:00,38.4308999999648,-120.965999999953,30.17360000000002,0.07975695,0.3024601,-164.8154741566172,38468.160000011274,0.0329525,0.057235,0.0883925,0.21008,0.2559225,-0.2765254049256712,-0.1989923551947939,0.20571924613850445,0.324110111403495,-0.05335966524446478,0.9788,-0.09630726729376424,12.120720000000006,21.22,2.6634874380364253,29.35,386.81,538.4386,39.6319,60.3991,195.907,12.4057,374.4043
US-Var,2016-03-23 10:41:11.808000006,2016-03-23 18:45:00+00:00,38.4132999999816,-120.950799999976,19.441030000000012,0.5529918,1.5142965,-126.90743919125987,38471.80800000576,0.0241525,0.05641,0.0399925,0.2917275,0.1863475,0.2272318339100346,-0.005837904522723797,0.5284894687205282,0.4654610530281623,0.030332925703847047,0.9703,0.21590944014751826,7.250760000000014,15.775,5.284370404522666,49.644,557.63,680.97,194.34,333.364,94.169,20.986,536.644
US-Var,2016-05-10 10:41:11.808000006,2016-05-10 18:45:00+00:00,38.4132999999816,-120.950799999976,32.70977000000005,0.45214158,1.363733,-160.25526415621266,38471.80800000576,0.0277,0.0610575,0.0537975,0.3031675,0.1701775,0.08329986805117323,-0.03699541623539844,0.4898947083901564,0.46378176112016417,0.013092612159319006,0.9703,0.2751450827049001,15.78815000000003,23.27,14.676251954125823,58.485,734.82,847.58,207.23,336.55,189.6,33.423,701.397
US-Var,2016-05-26 10:41:11.808000006,2016-05-26 18:45:00+00:00,38.4132999999816,-120.950799999976,36.630240000000015,0.45214158,1.363733,-182.93358327178237,38471.80800000576,0.03969,0.07258,0.0945525,0.2797375,0.2373325,-0.17241108735311994,-0.11864664050819276,0.31861462678828156,0.39063053434165795,-0.037168190977226234,0.9703,0.08045420911833338,18.128659999999968,21.87,11.393964330683389,51.371,711.58,844.3399999999999,72.294,119.982,347.36,34.927,676.653
US-Var,2016-06-27 10:41:11.808000006,2016-06-27 18:45:00+00:00,38.4132999999816,-120.950799999976,52.03185000000002,0.036344368,0.1923103,-255.39513543110166,38471.80800000576,0.062625,0.1150125,0.1817275,0.309905,0.3523375,-0.284966789825513,-0.12267402777579123,0.14433679662871046,0.305089831391768,-0.10029888335430537,0.9703,-0.06312082321483696,24.19011999999998,35.893,6.688171273105469,16.603,619.4,808.3399999999999,8.6228,14.481,312.81,47.685,571.7149999999999
US-Var,2016-07-13 10:41:11.808000006,2016-07-13 18:45:00+00:00,38.4132999999816,-120.950799999976,46.68606,0.012468536,0.14203653,-226.96597199509438,38471.80800000576,0.0655125,0.11922,0.193195,0.3291825,0.3554725,-0.299612195097255,-0.12842515043932387,0.1502286515455272,0.320950436645081,-0.10974049851826673,0.9703,-0.03784612505488341,21.209359999999947,31.605,8.223177965936522,23.425,622.83,792.0600000000001,13.696,22.9668,305.09,41.645,581.1850000000001
US-Var,2016-07-29 10:41:11.808000006,2016-07-29 18:45:00+00:00,38.4132999999816,-120.950799999976,48.39166,0.007980398,0.09563535,-238.17636971848447,38471.80800000576,0.071975,0.1287625,0.2026,0.33658,0.357755,-0.2846609801937256,-0.11518639409036247,0.14253708544078209,0.3062380843807759,-0.1081345629648689,0.9703,-0.030063819063371834,22.450859999999977,33.381,9.62518994669169,23.303,580.41,736.1600000000001,2.3225,3.89459,294.1,40.413,539.997
US-Var,2016-08-14 10:41:11.808000006,2016-08-14 18:45:00+00:00,38.4132999999816,-120.950799999976,47.660180000000025,0.014296803,0.034827605,-238.21291109309908,38471.80800000576,0.0748625,0.1311,0.2104375,0.3488175,0.366005,-0.2975063279272523,-0.12234309623430961,0.14506241229042027,0.3164973793090434,-0.11519900844098674,0.9703,-0.023712702075335716,22.912320000000022,33.64,3.147135197141601,14.687,544.42,710.0999999999999,4.6207,7.68582,262.75,37.481,506.93899999999996
US-Var,2016-08-30 10:41:11.808000006,2016-08-30 18:45:00+00:00,38.4132999999816,-120.950799999976,40.99847,0.014296803,0.034827605,-201.69181251956996,38471.80800000576,0.0723875,0.13517,0.22427,0.37079,0.3699925,-0.31039618188310497,-0.1236917491561959,0.14962949183021731,0.3338729404993165,-0.12748387227758828,0.9703,0.0010622250785014388,19.219419999999957,26.265,9.752715016847391,35.372,561.43,690.5,10.154,16.9004,273.45,30.935,530.495
US-Var,2016-09-15 10:41:11.808000006,2016-09-15 18:45:00+00:00,38.4132999999816,-120.950799999976,38.55117000000001,0.0021317059,0.0,-197.1348672108856,38471.80800000576,0.0791525,0.14386,0.2312275,0.3781875,0.381625,-0.2952253028536672,-0.1121123283443913,0.1470394213052478,0.3222241160043528,-0.1237927207012296,0.9703,-0.004465373061622125,18.550810000000013,25.545,6.843543625646448,30.291,479.64,640.1099999999999,9.5473,16.0024,243.46,27.28,452.36
US-Var,2016-10-01 10:41:11.808000006,2016-10-01 18:45:00+00:00,38.4132999999816,-120.950799999976,32.23126000000002,0.0021317059,0.0,-185.7103573915332,38471.80800000576,0.0806375,0.1486725,0.24132,0.38894,0.3853925,-0.2994860273795477,-0.1114779938816902,0.14350395437038777,0.32379757067795517,-0.12983312763299926,0.9703,0.004522954231783052,16.576630000000023,19.677,4.825918431691858,37.6,425.35,599.36,7.2661,11.7619,210.04,20.93,404.42
US-Var,2017-04-27 10:41:11.808000006,2017-04-27 18:45:00+00:00,38.4132999999816,-120.950799999976,19.42736000000002,0.4266156,0.7461263,-118.70471712746291,38471.80800000576,0.0267375,0.062075,0.04893,0.32613,0.16025,0.1559913371109858,-0.006074434337066022,0.5345127746671058,0.4884814185141657,0.023894448860328987,0.9703,0.33417945928522497,5.4595899999999915,18.8,13.656691977027142,72.039,702.64,828.53,168.68,230.857,149.75,34.88,667.76
US-Var,2017-05-13 10:41:11.808000006,2017-05-13 18:45:00+00:00,38.4132999999816,-120.950799999976,28.14330000000001,0.4266156,0.7461263,-173.29342339909482,38471.80800000576,0.0245375,0.0594075,0.057675,0.3175775,0.18643,0.01872062239991361,-0.05337064664230017,0.4935949818049277,0.48753469091420076,0.003105647534766831,0.9703,0.2551470552472483,14.578579999999988,16.716,1.2043346633381975,35.019,662.4,835.4300000000001,173.87,236.781,244.41,36.077,626.323
US-Var,2017-06-14 10:41:11.808000006,2017-06-14 18:45:00+00:00,38.4132999999816,-120.950799999976,42.676720000000046,0.041863874,0.18756506,-212.16574423311084,38471.80800000576,0.047555,0.0819025,0.1248025,0.2407975,0.3048175,-0.26955702167766254,-0.15162658207360885,0.15879451395572666,0.2921786960021465,-0.0695654727402184,0.9703,-0.11522367106719586,21.22470000000004,27.905,9.389951119448407,31.355,626.11,826.8900000000001,36.335,49.5601,325.38,43.282,582.828
US-Var,2017-06-30 10:41:11.808000006,2017-06-30 18:45:00+00:00,38.4132999999816,-120.950799999976,42.18112000000002,0.041863874,0.18756506,-209.4268247645162,38471.80800000576,0.0608375,0.1026925,0.157005,0.2697825,0.3450775,-0.27311927989540374,-0.1319819748429666,0.13166767165666043,0.27715249423042776,-0.08423053029979277,0.9703,-0.12049899177415742,20.37484999999998,26.703,10.590531667677253,36.459,580.0,778.0500000000001,7.7841,10.6622,367.96,34.489,545.511
US-Var,2017-07-16 10:41:11.808000006,2017-07-16 18:45:00+00:00,38.4132999999816,-120.950799999976,50.7364,0.0057809465,0.14464939,-248.37746054760714,38471.80800000576,0.0674925,0.11339,0.1722675,0.2890325,0.363695,-0.26987601127586913,-0.12192666589228318,0.13057891648738512,0.2777105471102786,-0.08946296620274707,0.9703,-0.1126594263856562,22.01347999999996,35.446,11.228819540965748,23.128,532.44,746.96,8.8917,12.4361,332.0,39.227,493.2130000000001
US-Var,2017-08-01 10:41:11.808000006,2017-08-01 18:45:00+00:00,38.4132999999816,-120.950799999976,49.28033000000005,0.0057809465,0.14464939,-233.32342493999613,38471.80800000576,0.0762925,0.123895,0.18214,0.29676,0.369525,-0.25352296592924684,-0.1090256147494932,0.12217810550198527,0.26105108837683655,-0.08725545596905859,0.9703,-0.10759517067508516,22.973760000000027,34.429,9.702010445753213,22.095,505.22,703.29,5.5896,7.85128,297.6,35.413,469.807
US-Var,2017-08-17 10:41:11.808000006,2017-08-17 18:45:00+00:00,38.4132999999816,-120.950799999976,41.559000000000026,0.0,0.13205525,-198.98240616587964,38471.80800000576,0.0749725,0.123125,0.1858525,0.312875,0.36848,-0.26806051152753146,-0.11591796436745495,0.14036566419579843,0.28755144032921814,-0.09363142000961522,0.9703,-0.08042901259121575,19.411099999999976,30.982,,,,,6.16376,8.55983,342.596,39.1101,
US-Var,2017-09-02 10:41:11.808000006,2017-09-02 18:45:00+00:00,38.4132999999816,-120.950799999976,50.06990000000002,0.0,0.13205525,-228.61127955424297,38471.80800000576,0.08083,0.1324475,0.19083,0.31645,0.381185,-0.2408047102981058,-0.09677694333864685,0.13569480333046227,0.26859725695157827,-0.08640912009628177,0.9703,-0.0914807775194839,20.449599999999975,39.09,5.368822241040411,12.74,387.28,582.83,9.2654,12.872,203.13,34.742,352.53799999999995
US-Var,2017-10-04 10:41:11.808000006,2017-10-04 18:45:00+00:00,38.4132999999816,-120.950799999976,32.080870000000004,0.0,0.1173404,-144.2567575659528,38471.80800000576,0.0756875,0.13154,0.2030125,0.3292375,0.3864375,-0.27609951132829863,-0.1108858021562067,0.13091455560326318,0.2891621107037801,-0.10452234219663759,0.9703,-0.07882316463981806,13.559820000000002,22.07,0.4395553491090098,23.75,376.67,565.33,7.2056,10.3804,244.51,19.015,357.65500000000003
US-Var,2017-10-04 10:41:11.808000006,2017-10-04 18:45:00+00:00,38.4132999999816,-120.950799999976,32.080870000000004,0.0,0.1173404,-144.2567575659528,38471.80800000576,0.0756875,0.13154,0.2030125,0.3292375,0.3864375,-0.27609951132829863,-0.1108858021562067,0.13091455560326318,0.2891621107037801,-0.10452234219663759,0.9703,-0.07882316463981806,13.559820000000002,22.07,0.4395553491090098,23.75,376.67,565.33,7.2056,10.3804,244.51,19.015,357.65500000000003
US-Var,2017-10-04 10:41:11.808000006,2017-10-04 18:45:00+00:00,38.4132999999816,-120.950799999976,32.080870000000004,0.0,0.1173404,-144.2567575659528,38471.80800000576,0.0756875,0.13154,0.2030125,0.3292375,0.3864375,-0.27609951132829863,-0.1108858021562067,0.13091455560326318,0.2891621107037801,-0.10452234219663759,0.9703,-0.07882316463981806,13.559820000000002,22.07,0.4395553491090098,23.75,376.67,565.33,7.2056,10.3804,244.51,19.015,357.65500000000003
US-Var,2017-10-04 10:41:11.808000006,2017-10-04 18:45:00+00:00,38.4132999999816,-120.950799999976,32.080870000000004,0.0,0.1173404,-144.2567575659528,38471.80800000576,0.0756875,0.13154,0.2030125,0.3292375,0.3864375,-0.27609951132829863,-0.1108858021562067,0.13091455560326318,0.2891621107037801,-0.10452234219663759,0.9703,-0.07882316463981806,13.559820000000002,22.07,0.4395553491090098,23.75,376.67,565.33,7.2056,10.3804,244.51,19.015,357.65500000000003
US-Var,2017-10-04 10:41:11.808000006,2017-10-04 18:45:00+00:00,38.4132999999816,-120.950799999976,32.080870000000004,0.0,0.10342265,-144.2567575659528,38471.80800000576,0.0756875,0.13154,0.2030125,0.3292375,0.3864375,-0.27609951132829863,-0.1108858021562067,0.13091455560326318,0.2891621107037801,-0.10452234219663759,0.9703,-0.07882316463981806,13.559820000000002,22.07,0.4395553491090098,23.75,376.67,565.33,7.2056,10.3804,244.51,19.015,357.65500000000003
US-Var,2017-10-04 10:41:11.808000006,2017-10-04 18:45:00+00:00,38.4132999999816,-120.950799999976,32.080870000000004,0.0,0.10342265,-144.2567575659528,38471.80800000576,0.0756875,0.13154,0.2030125,0.3292375,0.3864375,-0.27609951132829863,-0.1108858021562067,0.13091455560326318,0.2891621107037801,-0.10452234219663759,0.9703,-0.07882316463981806,13.559820000000002,22.07,0.4395553491090098,23.75,376.67,565.33,7.2056,10.3804,244.51,19.015,357.65500000000003
US-Var,2017-10-04 10:41:11.808000006,2017-10-04 18:45:00+00:00,38.4132999999816,-120.950799999976,32.080870000000004,0.0,0.10342265,-144.2567575659528,38471.80800000576,0.0756875,0.13154,0.2030125,0.3292375,0.3864375,-0.27609951132829863,-0.1108858021562067,0.13091455560326318,0.2891621107037801,-0.10452234219663759,0.9703,-0.07882316463981806,13.559820000000002,22.07,0.4395553491090098,23.75,376.67,565.33,7.2056,10.3804,244.51,19.015,357.65500000000003
US-Var,2017-10-04 10:41:11.808000006,2017-10-04 18:45:00+00:00,38.4132999999816,-120.950799999976,32.080870000000004,0.0,0.10342265,-144.2567575659528,38471.80800000576,0.0756875,0.13154,0.2030125,0.3292375,0.3864375,-0.27609951132829863,-0.1108858021562067,0.13091455560326318,0.2891621107037801,-0.10452234219663759,0.9703,-0.07882316463981806,13.559820000000002,22.07,0.4395553491090098,23.75,376.67,565.33,7.2056,10.3804,244.51,19.015,357.65500000000003
US-Var,2018-03-29 10:41:11.808000012,2018-03-29 18:45:00+00:00,38.4132999999632,-120.950799999951,16.24517000000003,0.48920682,1.2504442,-90.0488840950407,38471.80800001176,0.0412575,0.0803625,0.07247,0.301875,0.2208325,0.07073717230562399,-0.00925405105523927,0.42278099188160567,0.3968015269383152,0.013762436987075466,0.9703,0.15213320630927857,2.762670000000014,20.61,10.968084127144527,53.95,523.31,669.3900000000001,220.15,341.551,94.852,27.74,495.56999999999994
US-Var,2018-04-14 10:41:11.808000012,2018-04-14 18:45:00+00:00,38.4132999999632,-120.950799999951,28.225340000000017,0.58173734,1.6805108,-157.06109872476753,38471.80800001176,0.0243175,0.0563,0.047005,0.2961275,0.21701,0.11767684760246878,-0.037287990680674135,0.5065022606881904,0.47170608370451816,0.01696736609027638,0.9703,0.15123652959308018,14.233540000000005,19.21,9.728375955197798,54.16,632.2,786.1,192.74,300.997,111.85,24.807,607.393
US-Var,2018-06-01 10:41:11.808000012,2018-06-01 18:45:00+00:00,38.4132999999632,-120.950799999951,39.93890000000005,0.15003951,0.3603058,-211.63246314840933,38471.80800001176,0.0350975,0.066145,0.0928475,0.2718725,0.2558125,-0.21552524314944113,-0.1471626347768628,0.31111352237654316,0.40134143434252323,-0.045349203590680065,0.9703,0.02986878934692249,18.055880000000002,23.07,7.134853676217077,35.84,647.02,845.19,59.078,82.7727,283.76,41.896,605.124
US-Var,2018-06-17 10:41:11.808000012,2018-06-17 18:45:00+00:00,38.4132999999632,-120.950799999951,39.46720000000005,0.043109924,0.2182394,-212.11995476962795,38471.80800001176,0.06004,0.09634,0.1509275,0.28213,0.332895,-0.29155706293146044,-0.15052987176166527,0.16810110597599667,0.3169183373398371,-0.0854197785143973,0.9703,-0.08122075116995321,21.667830000000038,20.87,7.686072760250937,42.56,606.25,799.37,11.878,16.5031,413.95,41.471,564.779
US-Var,2018-07-03 10:41:11.808000012,2018-07-03 18:45:00+00:00,38.4132999999632,-120.950799999951,42.82370000000003,0.0,0.15418291,-226.68352284490658,38471.80800001176,0.0710675,0.111465,0.16773,0.29313,0.349175,-0.2703390950258856,-0.12871596699415216,0.14759425282856364,0.289631430174111,-0.08597277229585143,0.9703,-0.08591839706885585,22.973760000000027,25.14,11.43530851931714,42.3,549.64,749.41,12.32,17.1585,339.35,39.557,510.08299999999997
US-Var,2018-07-19 10:41:11.808000012,2018-07-19 18:45:00+00:00,38.4132999999632,-120.950799999951,47.49270000000001,0.0,0.1609973,-235.21159786517654,38471.80800001176,0.0711225,0.1158375,0.1775475,0.302755,0.357315,-0.2776446769023115,-0.12632343097417717,0.14181999896285608,0.2921888421176182,-0.09315885147597902,0.9703,-0.0814243288014685,23.180799999999977,31.57,7.726075984800425,22.69,527.12,736.5600000000001,12.487,17.3966,324.94,41.819,485.301
US-Var,2018-08-20 10:41:11.808000012,2018-08-20 18:45:00+00:00,38.4132999999632,-120.950799999951,43.51412000000005,0.0,0.12403397,-226.95947574937748,38471.80800001176,0.07258,0.124005,0.195065,0.3246175,0.3627875,-0.28828755730455596,-0.12310507288011244,0.13964357339395192,0.30205716749645267,-0.10503700155066509,0.9703,-0.05473146880220242,24.212770000000035,27.88,9.151484711016431,30.9,498.72,708.49,8.3648,12.3068,309.07,35.101,463.619
US-Var,2018-09-05 10:41:11.808000012,2018-09-05 18:45:00+00:00,38.4132999999632,-120.950799999951,42.55026000000004,0.0026561706,0.09261602,-228.16714015512719,38471.80800001176,0.07409938,0.12940188,0.20415375,0.33244124,0.3845675,-0.2881097294823308,-0.11830091969451206,0.13346089096328628,0.2989966144313906,-0.1092796931744866,0.9703,-0.07169963321211238,21.43488000000002,27.49,9.061500962623544,31.42,469.29,656.24,11.7,17.256,338.79,29.814,439.476
US-Var,2018-09-21 10:41:11.808000012,2018-09-21 18:45:00+00:00,38.4132999999632,-120.950799999951,42.55026000000004,0.0026561706,0.09261602,-228.16714015512719,38471.80800001176,0.07409938,0.12940188,0.20415375,0.33244124,0.3845675,-0.2881097294823308,-0.11830091969451206,0.13346089096328628,0.2989966144313906,-0.1092796931744866,0.9703,-0.07169963321211238,21.43488000000002,30.28,4.348883432318995,19.33,420.02,622.85,8.1121,12.1772,225.05,30.399,389.621
US-Var,2018-10-07 10:41:11.808000012,2018-10-07 18:45:00+00:00,38.4132999999632,-120.950799999951,31.884330000000034,0.0019482353,0.117366694,-185.68973487547981,38471.80800001176,0.07132875,0.12149563,0.17925937,0.27229187,0.37620062,-0.2517747642216181,-0.10595850784479716,0.08579881090514295,0.22712726248486043,-0.08687171686820294,0.9703,-0.15779792720187286,13.825860000000034,23.37,0.6142783392890728,22.23,427.98,615.55,7.48163,11.6868,238.48,13.28,414.70000000000005
US-Var,2019-03-16 10:41:11.808000012,2019-03-16 18:45:00+00:00,38.4132999999632,-120.950799999951,23.518730000000005,0.6061078,1.6370245,-149.74051051344185,38471.80800001176,0.024035625,0.059758127,0.04666125,0.3466725,0.23849438,0.15897402924790313,-0.004914889560428675,0.563934620362199,0.5190588864668804,0.023907955083868115,0.9703,0.18176098777539498,12.50263000000001,16.69,5.391103195600855,47.18,532.2,658.36,167.42,273.351,74.11,29.682,502.51800000000003
US-Var,2019-04-17 10:41:11.808000012,2019-04-17 18:45:00+00:00,38.4132999999632,-120.950799999951,26.796600000000012,0.61678624,1.7525915,-137.85969705759192,38471.80800001176,0.016095,0.0481875,0.0299825,0.3551425,0.158655,0.2932742650020137,0.0015458359855028757,0.6323700086182131,0.566816667769616,0.0342813459638277,0.9703,0.37512111073458737,10.443899999999985,18.63,10.104172206061413,57.59,640.98,781.9,249.31,401.426,101.25,39.364,601.616
US-Var,2019-05-03 10:41:11.808000012,2019-05-03 18:45:00+00:00,38.4132999999632,-120.950799999951,17.243220000000008,0.65294015,0.056067396,-88.5398043502579,38471.80800001176,0.034980625,0.08155875,0.07169312,0.37107188,0.16776438,0.08341528830613053,0.020149879337691048,0.5060805049059898,0.4765191687581793,0.017219029883151826,0.9703,0.3704337975045599,0.8004199999999742,22.54,8.254683200505808,39.95,633.08,799.42,230.15,346.452,135.85,29.708,603.3720000000001
US-Var,2019-06-04 10:41:11.808000012,2019-06-04 18:45:00+00:00,38.4132999999632,-120.950799999951,38.463160000000016,0.20585835,0.013562575,-154.79901720467274,38471.80800001176,0.04541,0.07636812,0.09678,0.24444813,0.24869,-0.1597947425560984,-0.11438317942989792,0.24964495778971718,0.3184326738647511,-0.034388762689286145,0.9703,-0.008430825944358424,14.626890000000003,30.02,16.256373955024614,43.51,679.26,837.6,219.32,311.913,219.95,38.105,641.155
US-Var,2019-06-20 10:41:11.808000012,2019-06-20 18:45:00+00:00,38.4132999999632,-120.950799999951,38.8904,0.058508024,0.23042421,-182.58343900423984,38471.80800001176,0.04776125,0.07820375,0.1142975,0.219485,0.30138,-0.2493695592096172,-0.1510348641157773,0.14379889651039335,0.26253725494425695,-0.05937532471470741,0.9703,-0.1542670923869533,17.85057999999998,23.32,12.88224314203319,51.89,659.06,841.25,48.839,68.3561,356.22,32.376,626.684
US-Var,2019-07-06 10:41:11.808000012,2019-07-06 18:45:00+00:00,38.4132999999632,-120.950799999951,45.61877000000004,0.029010821,0.18062906,-232.3187877921028,38471.80800001176,0.056348126,0.08849563,0.13146438,0.2341975,0.33933687,-0.2626260938355798,-0.14662655208390746,0.1268654224438383,0.2567846367331751,-0.06897270119861898,0.9703,-0.18017682488865225,22.909490000000005,29.27,9.152721729031216,28.51,611.89,829.2,34.545,48.9607,383.32,38.183,573.707
US-Var,2019-07-22 10:41:11.808000012,2019-07-22 18:45:00+00:00,38.4132999999632,-120.950799999951,49.65374000000003,0.016594825,0.15272923,-242.89627316176802,38471.80800001176,0.059868123,0.095384374,0.14265688,0.2469575,0.3577619,-0.2653178160740747,-0.1393122615888173,0.12351875295799006,0.258889332827115,-0.07471081685229375,0.9703,-0.18025199790343369,23.949520000000007,33.04,10.532347484411192,25.24,594.96,798.91,11.625,17.0294,338.07,41.116,553.844
US-Var,2019-08-07 10:41:11.808000012,2019-08-07 18:45:00+00:00,38.4132999999632,-120.950799999951,44.07128,0.013791816,0.14664681,-228.53455498643922,38471.80800001176,0.06373875,0.10275438,0.15393187,0.26313436,0.369085,-0.2652404928801876,-0.1313706019903064,0.12675395093325414,0.26540747412396876,-0.07964420045660114,0.9703,-0.16497578023807938,23.219179999999994,28.35,11.328894360564203,34.78,582.22,775.29,6.1017,9.29634,311.09,34.018,548.202
US-Var,2019-08-23 10:41:11.808000012,2019-08-23 18:45:00+00:00,38.4132999999632,-120.950799999951,49.08892000000003,0.0066375155,0.13995135,-241.60766284182318,38471.80800001176,0.06580125,0.10753938,0.16264938,0.27989563,0.38158375,-0.2696348715241944,-0.12840546335041977,0.13652813171328243,0.2797129795349485,-0.08479298111768196,0.9703,-0.15143893175096454,25.138059999999996,33.76,12.818721638619548,28.2,535.2,727.09,16.03,24.0435,310.36,38.462,496.73800000000006
US-Var,2019-09-08 10:41:11.808000012,2019-09-08 18:45:00+00:00,38.4132999999632,-120.950799999951,38.88528000000002,0.0030307902,0.1393228,-191.1769996867451,38471.80800001176,0.06719,0.1112725,0.1712225,0.29449126,0.38670564,-0.27844220988829804,-0.1289099386935313,0.14207253263903602,0.2922978342990676,-0.09126153423339567,0.9703,-0.13341260645121533,18.261079999999993,23.03,11.892297851453892,49.48,518.61,697.63,11.265,16.8644,295.58,26.428,492.182
US-Var,2019-09-24 10:41:11.808000012,2019-09-24 18:45:00+00:00,38.4132999999632,-120.950799999951,40.94720000000001,0.0,0.13529329,-199.80124140568404,38471.80800001176,0.06719,0.1056625,0.1538425,0.24451,0.3809375,-0.2505264799937602,-0.12378267156621386,0.09070430074550721,0.22202300258013732,-0.0749159774045165,0.9703,-0.21469515577604759,17.89839999999998,29.56,5.882796187030363,22.42,470.29,667.2099999999999,35.183,51.8625,264.83,28.97,441.32000000000005
US-Var,2019-10-10 10:41:11.808000012,2019-10-10 18:45:00+00:00,38.4132999999632,-120.950799999951,28.664540000000045,0.005649209,0.0,-198.52453057384395,38471.80800001176,0.08624063,0.12283625,0.16875437,0.26228875,0.39038375,-0.22360906859552318,-0.10772834786872289,0.09049995351768057,0.20557885665038786,-0.06981173730239776,0.9703,-0.19330061229340278,13.754240000000038,18.98,-2.9221292216716512,22.44,400.74,588.74,19.98,28.7336,231.34,22.851,377.889
US-Var,2019-10-26 10:41:11.808000012,2019-10-26 18:45:00+00:00,38.4132999999632,-120.950799999951,24.470640000000003,0.003586894,0.12221063,-138.2298173857492,38471.80800001176,0.10179875,0.14702937,0.19895625,0.30336,0.41849563,-0.21265221999856096,-0.0879265693066652,0.09850108520254477,0.21249578103547648,-0.07581277434591238,0.9703,-0.15732013976581688,6.117619999999988,24.78,-0.41065458169877733,18.96,358.16,549.49,12.053,17.498,212.61,22.508,335.65200000000004
US-Var,2020-03-02 10:41:11.808000012,2020-03-02 18:45:00+00:00,38.4132999999632,-120.950799999951,22.353170000000034,0.33327398,0.664086,-164.54330294749636,38471.80800001176,0.026139375,0.054436874,0.05020875,0.28455,0.26113376,0.05385716492453995,-0.07428891189893722,0.47910866224614773,0.46303137210743,0.007679158690108934,0.9703,0.04213950755012173,11.74099000000001,17.49,-8.14570388076521,16.54,460.71,625.12,163.35,250.641,115.75,14.838,445.87199999999996
US-Var,2020-04-03 10:41:11.808000012,2020-04-03 18:45:00+00:00,38.4132999999632,-120.950799999951,25.00726000000003,0.52164686,1.5230814,-170.77508978405183,38471.80800001176,0.02319,0.0522575,0.04242625,0.29831374,0.20312938,0.13751202028149315,-0.0504301411089975,0.5269168635644383,0.489441628410467,0.018098491551906903,0.9703,0.1861093761511544,15.74842000000001,13.44,4.81898787777568,55.88,594.03,758.3499999999999,172.38,267.485,161.35,27.436,566.5939999999999
US-Var,2020-04-19 10:41:11.808000012,2020-04-19 18:45:00+00:00,38.4132999999632,-120.950799999951,27.240080000000034,0.52164686,1.5230814,-161.86962830959453,38471.80800001176,0.0263525,0.053488124,0.04220625,0.29965436,0.18748188,0.1626992948012913,-0.05135567474099966,0.5293926072334753,0.48659281466351234,0.020773044985861855,0.9703,0.22563730216087247,14.174080000000004,16.17,9.601031022398047,65.04,657.39,807.23,236.47,362.02,168.75,25.074,632.316
US-Var,2020-04-19 10:41:11.808000012,2020-04-19 18:45:00+00:00,38.4132999999632,-120.950799999951,27.240080000000034,0.52164686,1.5230814,-161.86962830959453,38471.80800001176,0.0263525,0.053488124,0.04220625,0.29965436,0.18748188,0.1626992948012913,-0.05135567474099966,0.5293926072334753,0.48659281466351234,0.020773044985861855,0.9703,0.22563730216087247,14.174080000000004,16.17,9.601031022398047,65.04,657.39,807.23,236.47,362.02,168.75,25.074,632.316
US-Var,2020-04-19 10:41:11.808000012,2020-04-19 18:45:00+00:00,38.4132999999632,-120.950799999951,27.240080000000034,0.52164686,1.5230814,-161.86962830959453,38471.80800001176,0.0263525,0.053488124,0.04220625,0.29965436,0.18748188,0.1626992948012913,-0.05135567474099966,0.5293926072334753,0.48659281466351234,0.020773044985861855,0.9703,0.22563730216087247,14.174080000000004,16.17,9.601031022398047,65.04,657.39,807.23,236.47,362.02,168.75,25.074,632.316
US-Var,2020-04-19 10:41:11.808000012,2020-04-19 18:45:00+00:00,38.4132999999632,-120.950799999951,27.240080000000034,0.52164686,1.5230814,-161.86962830959453,38471.80800001176,0.0263525,0.053488124,0.04220625,0.29965436,0.18748188,0.1626992948012913,-0.05135567474099966,0.5293926072334753,0.48659281466351234,0.020773044985861855,0.9703,0.22563730216087247,14.174080000000004,16.17,9.601031022398047,65.04,657.39,807.23,236.47,362.02,168.75,25.074,632.316
US-Var,2020-04-19 10:41:11.808000012,2020-04-19 18:45:00+00:00,38.4132999999632,-120.950799999951,27.240080000000034,0.52164686,1.5230814,-161.86962830959453,38471.80800001176,0.0263525,0.053488124,0.04220625,0.29965436,0.18748188,0.1626992948012913,-0.05135567474099966,0.5293926072334753,0.48659281466351234,0.020773044985861855,0.9703,0.22563730216087247,14.174080000000004,16.17,9.601031022398047,65.04,657.39,807.23,236.47,362.02,168.75,25.074,632.316
US-Var,2020-04-19 10:41:11.808000012,2020-04-19 18:45:00+00:00,38.4132999999632,-120.950799999951,27.240080000000034,0.52164686,1.5230814,-161.86962830959453,38471.80800001176,0.0263525,0.053488124,0.04220625,0.29965436,0.18748188,0.1626992948012913,-0.05135567474099966,0.5293926072334753,0.48659281466351234,0.020773044985861855,0.9703,0.22563730216087247,14.174080000000004,16.17,9.601031022398047,65.04,657.39,807.23,236.47,362.02,168.75,25.074,632.316
US-Var,2020-04-19 10:41:11.808000012,2020-04-19 18:45:00+00:00,38.4132999999632,-120.950799999951,27.240080000000034,0.52164686,1.5230814,-161.86962830959453,38471.80800001176,0.0263525,0.053488124,0.04220625,0.29965436,0.18748188,0.1626992948012913,-0.05135567474099966,0.5293926072334753,0.48659281466351234,0.020773044985861855,0.9703,0.22563730216087247,14.174080000000004,16.17,9.601031022398047,65.04,657.39,807.23,236.47,362.02,168.75,25.074,632.316
US-Var,2020-04-19 10:41:11.808000012,2020-04-19 18:45:00+00:00,38.4132999999632,-120.950799999951,27.240080000000034,0.52164686,1.5230814,-161.86962830959453,38471.80800001176,0.0263525,0.053488124,0.04220625,0.29965436,0.18748188,0.1626992948012913,-0.05135567474099966,0.5293926072334753,0.48659281466351234,0.020773044985861855,0.9703,0.22563730216087247,14.174080000000004,16.17,9.601031022398047,65.04,657.39,807.23,236.47,362.02,168.75,25.074,632.316
US-Var,2020-05-05 10:41:11.808000012,2020-05-05 18:45:00+00:00,38.4132999999632,-120.950799999951,36.92248000000001,0.4410764,1.3171593,-202.78943233932227,38471.80800001176,0.029136876,0.057131875,0.062301874,0.28547812,0.20849188,-0.057255570743850695,-0.10627584790919137,0.4353568520592818,0.45425803538190623,-0.009203647584462016,0.9703,0.1527595690219656,20.262819999999977,24.11,5.8732326625516,30.86,646.59,842.97,222.21,322.986,173.8,31.464,615.126
US-Var,2020-05-21 10:41:11.808000012,2020-05-21 18:45:00+00:00,38.4132999999632,-120.950799999951,37.90432000000004,0.179282,0.5180094,-200.1608224539035,38471.80800001176,0.03518,0.06281062,0.078279376,0.21533938,0.23355812,-0.14605567542463133,-0.1308912943509156,0.25336220005406224,0.3124447965869267,-0.026844623328493133,0.9703,-0.0397011097249386,20.007840000000044,23.59,9.464603786324679,40.69,674.57,865.86,165.23,237.809,326.82,34.653,639.917
US-Var,2020-06-06 10:41:11.808000012,2020-06-06 18:45:00+00:00,38.4132999999632,-120.950799999951,40.29095000000001,0.07386781,0.24010769,-241.9127042586842,38471.80800001176,0.051625,0.081875,0.12379875,0.233785,0.30768436,-0.27214599274580287,-0.15847356097372953,0.14717527379342282,0.2787015260077667,-0.06806808645065221,0.9703,-0.13400447125475837,24.58816999999999,20.6,6.235729036916847,39.17,643.56,849.03,24.543,36.0302,356.22,34.89,608.67
US-Var,2020-06-22 10:41:11.808000012,2020-06-22 18:45:00+00:00,38.4132999999632,-120.950799999951,51.715660000000014,0.024815243,0.15990306,-265.1133073924339,38471.80800001176,0.057090625,0.09297813,0.13974187,0.23751813,0.33811313,-0.26626377278857816,-0.14066038984769827,0.11182010953517768,0.24846499148243925,-0.07421790015777674,0.9703,-0.1717719098533094,27.832119999999975,30.64,12.157843729302533,32.2,615.44,832.52,25.871,38.5626,317.54,42.598,572.8420000000001
US-Var,2020-07-08 10:41:11.808000012,2020-07-08 18:45:00+00:00,38.4132999999632,-120.950799999951,50.57320000000004,0.016169017,0.14996487,-259.4654543276604,38471.80800001176,0.06261812,0.10313938,0.15324438,0.25078,0.35526624,-0.2585855779177361,-0.12619896850362114,0.1046983864610971,0.24173294185587235,-0.07802661423839741,0.9703,-0.16960778788293557,26.098000000000013,30.56,6.777618743088011,22.52,581.99,819.17,15.768,23.7358,330.22,42.765,539.225
US-Var,2020-07-24 10:41:11.808000012,2020-07-24 18:45:00+00:00,38.4132999999632,-120.950799999951,47.2543,0.010802411,0.1434904,-251.15921198088625,38471.80800001176,0.065973125,0.10631563,0.1586275,0.26399374,0.3621825,-0.2629133471650664,-0.12718659617278538,0.11714716841756828,0.25618774570740593,-0.08088331003286775,0.9703,-0.15434207351095044,26.35208,27.27,10.958135190184947,36.14,578.7,784.0699999999999,10.603,15.9906,301.48,35.392,543.308
US-Var,2020-08-09 10:41:11.808000012,2020-08-09 18:45:00+00:00,38.4132999999632,-120.950799999951,50.92526000000004,0.0106922155,0.1408662,-255.48718285756246,38471.80800001176,0.067788124,0.11002125,0.16397625,0.26915,0.36898187,-0.26165153615517456,-0.1229992596713611,0.11420151564937742,0.25427786693540166,-0.08282499950385824,0.9703,-0.15403018216030634,25.21454,31.23,10.673624074317202,28.22,538.46,744.62,18.186,27.7856,292.82,36.283,502.177
US-Var,2020-08-25 10:41:11.808000012,2020-08-25 18:45:00+00:00,38.4132999999632,-120.950799999951,43.36970000000002,0.0052399803,0.13610254,-198.3287808275984,38471.80800001176,0.077165626,0.12299438,0.16031188,0.27478063,0.365235,-0.18102932583393525,-0.07777201417268247,0.13289990810206492,0.2273156110252781,-0.05726806752417746,0.9703,-0.13915722303477526,19.21422000000001,27.55,13.844348388418844,42.98,429.79,595.0999999999999,12.549,19.4086,260.61,26.862,402.928
US-Var,2020-09-26 10:41:11.808000012,2020-09-26 18:45:00+00:00,38.4132999999632,-120.950799999951,2.284270000000049,0.001956878,0.13035734,18.91501302916646,38471.80800001176,0.08138687,0.138965,0.17664687,0.27246374,0.26925313,-0.16087894118902765,-0.05137474888804551,0.09179702671518045,0.18095695556371286,-0.056477313369699966,0.9703,0.005819307283462263,-21.48644999999999,27.8,9.34399628172368,31.45,391.59,562.8799999999999,0.081798,0.128569,230.52,24.062,367.52799999999996
US-Var,2020-10-12 10:41:11.808000012,2020-10-12 18:45:00+00:00,38.4132999999632,-120.950799999951,37.777000000000044,0.0005688593,0.13874784,-204.8871472965222,38471.80800001176,0.060363125,0.105085,0.16621062,0.28426126,0.3767231,-0.2897875929453165,-0.13642444444766308,0.13597295416477742,0.29401925488110453,-0.09375625323638415,0.9703,-0.13780029090394888,17.232100000000003,25.67,5.095882280299139,26.64,386.89,585.4300000000001,0.15585,0.241215,193.86,22.934,363.95599999999996
US-Var,2020-10-28 10:41:11.808000012,2020-10-28 18:45:00+00:00,38.4132999999632,-120.950799999951,31.016999999999996,0.00072687044,0.14213829,-200.7916202157911,38471.80800001176,0.07066875,0.11264063,0.17103687,0.28422,0.37297624,-0.27414948916417753,-0.1284836473993305,0.12505150103154458,0.27207447207868807,-0.08887274943534396,0.9703,-0.13302868733193107,17.369939999999986,21.4,-1.8006890670226545,21.0,318.52,511.86999999999995,6.0905,9.25655,173.53,17.016,301.50399999999996
US-Var,2021-04-06 10:41:11.808000012,2021-04-06 18:45:00+00:00,38.4132999999632,-120.950799999951,28.021100000000047,0.50724214,1.4122319,-170.57826199037243,38471.80800001176,0.0307525,0.060074374,0.050745,0.3202381,0.22312188,0.11651977320858065,-0.045098037781989855,0.5213822122550763,0.48839794033021694,0.016912743901286276,0.9703,0.1755027893415784,15.386250000000018,15.02,9.224248384538997,68.26,598.56,748.1800000000001,209.28,319.598,160.01,31.72,566.8399999999999
US-Var,2021-05-08 10:41:11.808000012,2021-05-08 18:45:00+00:00,38.4132999999632,-120.950799999951,44.030700000000024,0.1468736,0.36323258,-260.1115787031177,38471.80800001176,0.042929843,0.07129781,0.10009203,0.25726655,0.3049842,-0.22414931241201874,-0.15024917965166973,0.26309626275700393,0.35916941573686434,-0.04835501837311096,0.970475,-0.08338591080920382,21.83094,24.51,-0.06505917970341163,19.76,575.2,823.58,64.11,95.3655,290.39,42.469,532.731
US-Var,2021-06-09 10:41:11.808000012,2021-06-09 18:45:00+00:00,38.4132999999632,-120.950799999951,41.85897,0.046687495,0.21854372,-262.48483403996147,38471.80800001176,0.050965,0.08131125,0.12974563,0.26202062,0.34940186,-0.3025411407499244,-0.17310550474098133,0.18624100415095088,0.33231319394484865,-0.07807598780231184,0.9703,-0.14061486800413148,28.058809999999994,19.15,3.035525910286206,34.25,593.84,837.78,4.9686,7.36734,397.42,37.521,556.3190000000001
US-Var,2021-07-11 10:41:11.808000012,2021-07-11 18:45:00+00:00,38.4132999999632,-120.950799999951,60.31713000000002,0.019724865,0.18810911,-328.33767743357856,38471.80800001176,0.054876875,0.09374812,0.15063874,0.28400686,0.38053876,-0.300198535713039,-0.1535384984223503,0.1720187287370401,0.32789504870288133,-0.08912673676625571,0.9703,-0.14310655519488802,34.61613,36.79,3.1202641002220557,12.32,527.46,799.36,16.959,26.9232,291.64,48.812,478.648
US-Var,2021-08-28 10:41:11.808000012,2021-08-28 18:45:00+00:00,38.4132999999632,-120.950799999951,52.51037000000002,0.011152084,0.03794175,-262.5073490198467,38471.80800001176,0.08466625,0.1247475,0.17565687,0.30892876,0.39650938,-0.2359776288029209,-0.1086569330767643,0.1557690392837533,0.2774195698585662,-0.07677098069473554,0.9703,-0.12241536354212258,24.86581000000001,34.19,4.234750354543405,15.38,398.41,639.62,5.1978,8.32472,190.75,38.423,359.987
US-Var,2021-09-13 10:41:11.808000012,2021-09-13 18:45:00+00:00,38.4132999999632,-120.950799999951,51.28158000000002,0.0037196572,0.13993552,-259.10312700027174,38471.80800001176,0.06298938,0.10155125,0.1620375,0.30323625,0.4077294,-0.30152761696111013,-0.15042869777213855,0.17699087135721547,0.3335293955968447,-0.09331305788792321,0.9703,-0.14493499100824017,26.11694,30.53,5.95268070947131,21.31,423.21,673.4,12.901,20.7092,225.31,34.222,388.988
US-Var,2021-09-29 10:41:11.808000012,2021-09-29 18:45:00+00:00,38.4132999999632,-120.950799999951,37.38134000000002,0.0071942112,0.0451683,-213.2057475499488,38471.80800001176,0.06464625,0.10748438,0.1693525,0.3066875,0.41049314,-0.29156857680284937,-0.1383456610230994,0.1660234963120675,0.3214393771548591,-0.09449390452451745,0.9703,-0.1427508301101085,18.915279999999996,21.23,1.7809858698953438,27.54,391.9,626.5999999999999,10.033,15.858,201.7,25.071,366.82899999999995
US-Var,2021-10-15 10:41:11.808000012,2021-10-15 18:45:00+00:00,38.4132999999632,-120.950799999951,38.85964000000001,0.002332075,0.10316423,-244.11735763910423,38471.80800001176,0.07148,0.11723313,0.18049,0.30999437,0.42132813,-0.2795968655490224,-0.1258373921255808,0.14709837030069894,0.2991471363238707,-0.09515052840998683,0.9703,-0.15018262631985402,23.77337,24.48,-2.6459960041951196,16.37,328.99,562.91,10.624,16.2991,188.77,25.631,303.35900000000004
